<?xml version="1.0"?>
<DocumentElement>
    <summary>
        <district_no>01</district_no>
        <polling_division_no>A</polling_division_no>
        <valid_votes>61,715</valid_votes>
        <valid_votes_percent>98.37%</valid_votes_percent>
        <rejected>1,022</rejected>
        <rejected_percent>1.63%</rejected_percent>
        <total_polled>62,737</total_polled>
        <total_polled_percent>65.77%</total_polled_percent>
        <registered_voters>95,385</registered_voters>
    </summary>
    <time_stamp xmlName="11AS.xml">10:58:11 21-Dec-2014</time_stamp>
</DocumentElement>