<?xml version="1.0"?>
<DocumentElement>
    <summary>
        <district_no>01</district_no>
        <polling_division_no>B</polling_division_no>
        <valid_votes>96,826</valid_votes>
        <valid_votes_percent>98.66%</valid_votes_percent>
        <rejected>1,320</rejected>
        <rejected_percent>1.34%</rejected_percent>
        <total_polled>98,146</total_polled>
        <total_polled_percent>70.19%</total_polled_percent>
        <registered_voters>139,822</registered_voters>
    </summary>
    <time_stamp xmlName="11AS.xml">10:58:11 21-Dec-2014</time_stamp>
</DocumentElement>
