<?xml version="1.0"?>
<DocumentElement>
    <summary>
        <district_no>01</district_no>
        <polling_division_no>C</polling_division_no>
        <valid_votes>41,132</valid_votes>
        <valid_votes_percent>98.70%</valid_votes_percent>
        <rejected>543</rejected>
        <rejected_percent>1.30%</rejected_percent>
        <total_polled>41,675</total_polled>
        <total_polled_percent>70.93%</total_polled_percent>
        <registered_voters>58,757</registered_voters>
    </summary>
    <time_stamp xmlName="11AS.xml">10:58:11 21-Dec-2014</time_stamp>
</DocumentElement>
