<?xml version="1.0"?>
<DocumentElement>
    <summary>
        <district_no>01</district_no>
        <polling_division_no>D</polling_division_no>
        <valid_votes>48,295</valid_votes>
        <valid_votes_percent>98.57%</valid_votes_percent>
        <rejected>699</rejected>
        <rejected_percent>1.43%</rejected_percent>
        <total_polled>48,994</total_polled>
        <total_polled_percent>71.38%</total_polled_percent>
        <registered_voters>68,643</registered_voters>
    </summary>
    <time_stamp xmlName="11AS.xml">10:58:11 21-Dec-2014</time_stamp>
</DocumentElement>