<?xml version="1.0"?>
<DocumentElement>
    <summary>
        <district_no>01</district_no>
        <polling_division_no>F</polling_division_no>
        <valid_votes>26,030</valid_votes>
        <valid_votes_percent>98.32%</valid_votes_percent>
        <rejected>444</rejected>
        <rejected_percent>1.68%</rejected_percent>
        <total_polled>26,474</total_polled>
        <total_polled_percent>68.02%</total_polled_percent>
        <registered_voters>38,921</registered_voters>
    </summary>
    <time_stamp xmlName="11AS.xml">10:58:11 21-Dec-2014</time_stamp>
</DocumentElement>
