<?xml version="1.0"?>
<DocumentElement>
    <summary>
        <district_no>01</district_no>
        <polling_division_no>F</polling_division_no>
        <valid_votes>44,383</valid_votes>
        <valid_votes_percent>98.96%</valid_votes_percent>
        <rejected>465</rejected>
        <rejected_percent>1.04%</rejected_percent>
        <total_polled>44,848</total_polled>
        <total_polled_percent>73.29%</total_polled_percent>
        <registered_voters>61,194</registered_voters>
    </summary>
    <time_stamp xmlName="11AS.xml">10:58:11 21-Dec-2014</time_stamp>
</DocumentElement>
