<?xml version="1.0"?>
<DocumentElement>
    <summary>
        <district_no>01</district_no>
        <polling_division_no>G</polling_division_no>
        <valid_votes>49,316</valid_votes>
        <valid_votes_percent>98.97%</valid_votes_percent>
        <rejected>512</rejected>
        <rejected_percent>1.03%</rejected_percent>
        <total_polled>49,828</total_polled>
        <total_polled_percent>74.79%</total_polled_percent>
        <registered_voters>66,622</registered_voters>
    </summary>
    <time_stamp xmlName="11AS.xml">10:58:11 21-Dec-2014</time_stamp>
</DocumentElement>
