<?xml version="1.0"?>
<DocumentElement>
    <summary>
        <district_no>01</district_no>
        <polling_division_no>I</polling_division_no>
        <valid_votes>55,825</valid_votes>
        <valid_votes_percent>99.01%</valid_votes_percent>
        <rejected>557</rejected>
        <rejected_percent>0.99%</rejected_percent>
        <total_polled>56,382</total_polled>
        <total_polled_percent>77.23%</total_polled_percent>
        <registered_voters>73,009</registered_voters>
    </summary>
    <time_stamp xmlName="11AS.xml">10:58:11 21-Dec-2014</time_stamp>
</DocumentElement>
