<?xml version="1.0"?>
<DocumentElement>
    <summary>
        <district_no>01</district_no>
        <polling_division_no>K</polling_division_no>
        <valid_votes>83,732</valid_votes>
        <valid_votes_percent>99.18%</valid_votes_percent>
        <rejected>689</rejected>
        <rejected_percent>0.82%</rejected_percent>
        <total_polled>84,421</total_polled>
        <total_polled_percent>78.07%</total_polled_percent>
        <registered_voters>108,138</registered_voters>
    </summary>
    <time_stamp xmlName="11AS.xml">10:58:11 21-Dec-2014</time_stamp>
</DocumentElement>
