<?xml version="1.0"?>
<DocumentElement>
    <summary>
        <district_no>01</district_no>
        <polling_division_no>L</polling_division_no>
        <valid_votes>121,279</valid_votes>
        <valid_votes_percent>99.37%</valid_votes_percent>
        <rejected>770</rejected>
        <rejected_percent>0.63%</rejected_percent>
        <total_polled>122,049</total_polled>
        <total_polled_percent>78.38%</total_polled_percent>
        <registered_voters>155,720</registered_voters>
    </summary>
    <time_stamp xmlName="11AS.xml">10:58:11 21-Dec-2014</time_stamp>
</DocumentElement>
