<?xml version="1.0"?>
<DocumentElement>
    <summary>
        <district_no>01</district_no>
        <polling_division_no>M</polling_division_no>
        <valid_votes>95,255</valid_votes>
        <valid_votes_percent>99.20%</valid_votes_percent>
        <rejected>768</rejected>
        <rejected_percent>0.80%</rejected_percent>
        <total_polled>96,023</total_polled>
        <total_polled_percent>79.20%</total_polled_percent>
        <registered_voters>121,247</registered_voters>
    </summary>
    <time_stamp xmlName="11AS.xml">10:58:11 21-Dec-2014</time_stamp>
</DocumentElement>
