<?xml version="1.0"?>
<DocumentElement>
    <summary>
        <district_no>01</district_no>
        <polling_division_no>N</polling_division_no>
        <valid_votes>119,006</valid_votes>
        <valid_votes_percent>99.33%</valid_votes_percent>
        <rejected>803</rejected>
        <rejected_percent>0.67%</rejected_percent>
        <total_polled>119,809</total_polled>
        <total_polled_percent>80.57%</total_polled_percent>
        <registered_voters>148,696</registered_voters>
    </summary>
    <time_stamp xmlName="11AS.xml">10:58:11 21-Dec-2014</time_stamp>
</DocumentElement>

