<?xml version="1.0"?>
<DocumentElement>
    <summary>
        <district_no>01</district_no>
        <polling_division_no>O</polling_division_no>
        <valid_votes>90,752</valid_votes>
        <valid_votes_percent>99.19%</valid_votes_percent>
        <rejected>745</rejected>
        <rejected_percent>0.81%</rejected_percent>
        <total_polled>91,497</total_polled>
        <total_polled_percent>79.84%</total_polled_percent>
        <registered_voters>114,601</registered_voters>
    </summary>
    <time_stamp xmlName="11AS.xml">10:58:11 21-Dec-2014</time_stamp>
</DocumentElement>
