<?xml version="1.0"?>
<DocumentElement>
    <summary>
        <district_no>02</district_no>
        <polling_division_no>A</polling_division_no>
        <valid_votes>79,160</valid_votes>
        <valid_votes_percent>98.96%</valid_votes_percent>
        <rejected>830</rejected>
        <rejected_percent>1.04%</rejected_percent>
        <total_polled>79,990</total_polled>
        <total_polled_percent>76.99%</total_polled_percent>
        <registered_voters>103,893</registered_voters>
    </summary>
    <time_stamp xmlName="11AS.xml">10:58:11 21-Dec-2014</time_stamp>
</DocumentElement>

