<?xml version="1.0"?>
<DocumentElement>
    <summary>
        <district_no>02</district_no>
        <polling_division_no>B</polling_division_no>
        <valid_votes>69,723</valid_votes>
        <valid_votes_percent>99.08%</valid_votes_percent>
        <rejected>650</rejected>
        <rejected_percent>0.92%</rejected_percent>
        <total_polled>70,373</total_polled>
        <total_polled_percent>73.28%</total_polled_percent>
        <registered_voters>96,028</registered_voters>
    </summary>
    <time_stamp xmlName="11AS.xml">10:58:11 21-Dec-2014</time_stamp>
</DocumentElement>