<?xml version="1.0"?>
<DocumentElement>
    <summary>
        <district_no>02</district_no>
        <polling_division_no>D</polling_division_no>
        <valid_votes>77,624</valid_votes>
        <valid_votes_percent>99.39%</valid_votes_percent>
        <rejected>476</rejected>
        <rejected_percent>0.61%</rejected_percent>
        <total_polled>78,100</total_polled>
        <total_polled_percent>78.30%</total_polled_percent>
        <registered_voters>99,742</registered_voters>
    </summary>
    <time_stamp xmlName="11AS.xml">10:58:11 21-Dec-2014</time_stamp>
</DocumentElement>
