<?xml version="1.0"?>
<DocumentElement>
    <summary>
        <district_no>02</district_no>
        <polling_division_no>E</polling_division_no>
        <valid_votes>85,933</valid_votes>
        <valid_votes_percent>99.17%</valid_votes_percent>
        <rejected>719</rejected>
        <rejected_percent>0.83%</rejected_percent>
        <total_polled>86,652</total_polled>
        <total_polled_percent>75.64%</total_polled_percent>
        <registered_voters>114,566</registered_voters>
    </summary>
    <time_stamp xmlName="11AS.xml">10:58:11 21-Dec-2014</time_stamp>
</DocumentElement>
