<?xml version="1.0"?>
<DocumentElement>
    <summary>
        <district_no>02</district_no>
        <polling_division_no>G</polling_division_no>
        <valid_votes>92,515</valid_votes>
        <valid_votes_percent>99.31%</valid_votes_percent>
        <rejected>645</rejected>
        <rejected_percent>0.69%</rejected_percent>
        <total_polled>93,160</total_polled>
        <total_polled_percent>77.06%</total_polled_percent>
        <registered_voters>120,900</registered_voters>
    </summary>
    <time_stamp xmlName="11AS.xml">10:58:11 21-Dec-2014</time_stamp>
</DocumentElement>

Valid Votes	92,515	99.31%
Rejected Votes	645	0.69%
Total Polled	93,160	77.06%
Regis.Electors	120,900	