<?xml version="1.0"?>
<DocumentElement>
    <summary>
        <district_no>02</district_no>
        <polling_division_no>H</polling_division_no>
        <valid_votes>104,927</valid_votes>
        <valid_votes_percent>99.35%</valid_votes_percent>
        <rejected>682</rejected>
        <rejected_percent>0.65%</rejected_percent>
        <total_polled>105,609</total_polled>
        <total_polled_percent>79.05%</total_polled_percent>
        <registered_voters>133,606</registered_voters>
    </summary>
    <time_stamp xmlName="11AS.xml">10:58:11 21-Dec-2014</time_stamp>
</DocumentElement>
