<?xml version="1.0"?>
<DocumentElement>
    <summary>
        <district_no>02</district_no>
        <polling_division_no>I</polling_division_no>
        <valid_votes>97,279</valid_votes>
        <valid_votes_percent>99.29%</valid_votes_percent>
        <rejected>692</rejected>
        <rejected_percent>0.71%</rejected_percent>
        <total_polled>97,971</total_polled>
        <total_polled_percent>76.65%</total_polled_percent>
        <registered_voters>127,821</registered_voters>
    </summary>
    <time_stamp xmlName="11AS.xml">10:58:11 21-Dec-2014</time_stamp>
</DocumentElement>
