<?xml version="1.0"?>
<DocumentElement>
    <summary>
        <district_no>02</district_no>
        <polling_division_no>J</polling_division_no>
        <valid_votes>104,905</valid_votes>
        <valid_votes_percent>99.40%</valid_votes_percent>
        <rejected>629</rejected>
        <rejected_percent>0.60%</rejected_percent>
        <total_polled>105,534</total_polled>
        <total_polled_percent>78.42%</total_polled_percent>
        <registered_voters>134,581</registered_voters>
    </summary>
    <time_stamp xmlName="11AS.xml">10:58:11 21-Dec-2014</time_stamp>
</DocumentElement>
