<?xml version="1.0"?>
<DocumentElement>
    <summary>
        <district_no>02</district_no>
        <polling_division_no>K</polling_division_no>
        <valid_votes>81,324</valid_votes>
        <valid_votes_percent>99.41%</valid_votes_percent>
        <rejected>484</rejected>
        <rejected_percent>0.59%</rejected_percent>
        <total_polled>81,808</total_polled>
        <total_polled_percent>78.54%</total_polled_percent>
        <registered_voters>104,155</registered_voters>
    </summary>
    <time_stamp xmlName="11AS.xml">10:58:11 21-Dec-2014</time_stamp>
</DocumentElement>
