<?xml version="1.0"?>
<DocumentElement>
    <summary>
        <district_no>02</district_no>
        <polling_division_no>L</polling_division_no>
        <valid_votes>84,611</valid_votes>
        <valid_votes_percent>99.26%</valid_votes_percent>
        <rejected>629</rejected>
        <rejected_percent>0.74%</rejected_percent>
        <total_polled>85,240</total_polled>
        <total_polled_percent>79.08%</total_polled_percent>
        <registered_voters>107,786</registered_voters>
    </summary>
    <time_stamp xmlName="11AS.xml">10:58:11 21-Dec-2014</time_stamp>
</DocumentElement>
