<?xml version="1.0"?>
<DocumentElement>
    <summary>
        <district_no>02</district_no>
        <polling_division_no>M</polling_division_no>
        <valid_votes>63,671</valid_votes>
        <valid_votes_percent>99.09%</valid_votes_percent>
        <rejected>584</rejected>
        <rejected_percent>0.91%</rejected_percent>
        <total_polled>64,255</total_polled>
        <total_polled_percent>77.32%</total_polled_percent>
        <registered_voters>83,105</registered_voters>
    </summary>
    <time_stamp xmlName="11AS.xml">10:58:11 21-Dec-2014</time_stamp>
</DocumentElement>
