<?xml version="1.0"?>
<DocumentElement>
    <summary>
        <district_no>03</district_no>
        <polling_division_no>A</polling_division_no>
        <valid_votes>82,947</valid_votes>
        <valid_votes_percent>99.34%</valid_votes_percent>
        <rejected>553</rejected>
        <rejected_percent>0.66%</rejected_percent>
        <total_polled>83,500</total_polled>
        <total_polled_percent>79.10%</total_polled_percent>
        <registered_voters>105,569</registered_voters>
    </summary>
    <time_stamp xmlName="11AS.xml">10:58:11 21-Dec-2014</time_stamp>
</DocumentElement>
