<?xml version="1.0"?>
<DocumentElement>
    <summary>
        <district_no>03</district_no>
        <polling_division_no>B</polling_division_no>
        <valid_votes>95,892</valid_votes>
        <valid_votes_percent>99.42%</valid_votes_percent>
        <rejected>558</rejected>
        <rejected_percent>0.58%</rejected_percent>
        <total_polled>96,450</total_polled>
        <total_polled_percent>81.09%</total_polled_percent>
        <registered_voters>118,942</registered_voters>
    </summary>
    <time_stamp xmlName="11AS.xml">10:58:11 21-Dec-2014</time_stamp>
</DocumentElement>
