<?xml version="1.0"?>
<DocumentElement>
    <summary>
        <district_no>03</district_no>
        <polling_division_no>C</polling_division_no>
        <valid_votes>86,366</valid_votes>
        <valid_votes_percent>99.23%</valid_votes_percent>
        <rejected>666</rejected>
        <rejected_percent>0.77%</rejected_percent>
        <total_polled>87,032</total_polled>
        <total_polled_percent>80.01%</total_polled_percent>
        <registered_voters>108,781</registered_voters>
    </summary>
    <time_stamp xmlName="11AS.xml">10:58:11 21-Dec-2014</time_stamp>
</DocumentElement>
