<?xml version="1.0"?>
<DocumentElement>
    <summary>
        <district_no>03</district_no>
        <polling_division_no>D</polling_division_no>
        <valid_votes>58,456</valid_votes>
        <valid_votes_percent>99.28%</valid_votes_percent>
        <rejected>423</rejected>
        <rejected_percent>0.72%</rejected_percent>
        <total_polled>58,879</total_polled>
        <total_polled_percent>78.51%</total_polled_percent>
        <registered_voters>74,991</registered_voters>
    </summary>
    <time_stamp xmlName="11AS.xml">10:58:11 21-Dec-2014</time_stamp>
</DocumentElement>
