<?xml version="1.0"?>
<DocumentElement>
    <summary>
        <district_no>03</district_no>
        <polling_division_no>E</polling_division_no>
        <valid_votes>75,482</valid_votes>
        <valid_votes_percent>99.26%</valid_votes_percent>
        <rejected>564</rejected>
        <rejected_percent>0.74%</rejected_percent>
        <total_polled>76,046</total_polled>
        <total_polled_percent>76.25%</total_polled_percent>
        <registered_voters>99,737</registered_voters>
    </summary>
    <time_stamp xmlName="11AS.xml">10:58:11 21-Dec-2014</time_stamp>
</DocumentElement>
