<?xml version="1.0"?>
<DocumentElement>
    <summary>
        <district_no>03</district_no>
        <polling_division_no>F</polling_division_no>
        <valid_votes>82,085</valid_votes>
        <valid_votes_percent>99.30%</valid_votes_percent>
        <rejected>581</rejected>
        <rejected_percent>0.70%</rejected_percent>
        <total_polled>82,666</total_polled>
        <total_polled_percent>77.35%</total_polled_percent>
        <registered_voters>106,878</registered_voters>
    </summary>
    <time_stamp xmlName="11AS.xml">10:58:11 21-Dec-2014</time_stamp>
</DocumentElement>