<?xml version="1.0"?>
<DocumentElement>
    <summary>
        <district_no>03</district_no>
        <polling_division_no>G</polling_division_no>
        <valid_votes>80,558</valid_votes>
        <valid_votes_percent>99.35%</valid_votes_percent>
        <rejected>523</rejected>
        <rejected_percent>0.65%</rejected_percent>
        <total_polled>81,081</total_polled>
        <total_polled_percent>77.69%</total_polled_percent>
        <registered_voters>104,363</registered_voters>
    </summary>
    <time_stamp xmlName="11AS.xml">10:58:11 21-Dec-2014</time_stamp>
</DocumentElement>