<?xml version="1.0"?>
<DocumentElement>
    <summary>
        <district_no>03</district_no>
        <polling_division_no>G</polling_division_no>
        <valid_votes>72,523</valid_votes>
        <valid_votes_percent>99.33%</valid_votes_percent>
        <rejected>486</rejected>
        <rejected_percent>0.67%</rejected_percent>
        <total_polled>73,009</total_polled>
        <total_polled_percent>77.69%</total_polled_percent>
        <registered_voters>93,972</registered_voters>
    </summary>
    <time_stamp xmlName="11AS.xml">10:58:11 21-Dec-2014</time_stamp>
</DocumentElement>

