<?xml version="1.0"?>
<DocumentElement>
    <summary>
        <district_no>04</district_no>
        <polling_division_no>A</polling_division_no>
        <valid_votes>38,836</valid_votes>
        <valid_votes_percent>99.23%</valid_votes_percent>
        <rejected>300</rejected>
        <rejected_percent>0.77%</rejected_percent>
        <total_polled>39,136</total_polled>
        <total_polled_percent>74.47%</total_polled_percent>
        <registered_voters>52,553</registered_voters>
    </summary>
    <time_stamp xmlName="11AS.xml">10:58:11 21-Dec-2014</time_stamp>
</DocumentElement>
