<?xml version="1.0"?>
<DocumentElement>
    <summary>
        <district_no>04</district_no>
        <polling_division_no>B</polling_division_no>
        <valid_votes>109,714</valid_votes>
        <valid_votes_percent>98.95%</valid_votes_percent>
        <rejected>1,161</rejected>
        <rejected_percent>1.05%</rejected_percent>
        <total_polled>110,875</total_polled>
        <total_polled_percent>75.18%</total_polled_percent>
        <registered_voters>147,475</registered_voters>
    </summary>
    <time_stamp xmlName="11AS.xml">10:58:11 21-Dec-2014</time_stamp>
</DocumentElement>
