<?xml version="1.0"?>
<DocumentElement>
    <summary>
        <district_no>04</district_no>
        <polling_division_no>C</polling_division_no>
        <valid_votes>57,703</valid_votes>
        <valid_votes_percent>98.57%</valid_votes_percent>
        <rejected>838</rejected>
        <rejected_percent>1.43%</rejected_percent>
        <total_polled>58,541</total_polled>
        <total_polled_percent>74.40%</total_polled_percent>
        <registered_voters>78,688</registered_voters>
    </summary>
    <time_stamp xmlName="11AS.xml">10:58:11 21-Dec-2014</time_stamp>
</DocumentElement>
