<?xml version="1.0"?>
<DocumentElement>
    <summary>
        <district_no>04</district_no>
        <polling_division_no>D</polling_division_no>
        <valid_votes>41,613</valid_votes>
        <valid_votes_percent>99.05%</valid_votes_percent>
        <rejected>397</rejected>
        <rejected_percent>0.95%</rejected_percent>
        <total_polled>42,010</total_polled>
        <total_polled_percent>75.52%</total_polled_percent>
        <registered_voters>55,629</registered_voters>
    </summary>
    <time_stamp xmlName="11AS.xml">10:58:11 21-Dec-2014</time_stamp>
</DocumentElement>
