<?xml version="1.0"?>
<DocumentElement>
    <summary>
        <district_no>04</district_no>
        <polling_division_no>E</polling_division_no>
        <valid_votes>33,876</valid_votes>
        <valid_votes_percent>98.52%</valid_votes_percent>
        <rejected>509</rejected>
        <rejected_percent>1.48%</rejected_percent>
        <total_polled>34,385</total_polled>
        <total_polled_percent>76.17%</total_polled_percent>
        <registered_voters>45,144</registered_voters>
    </summary>
    <time_stamp xmlName="11AS.xml">10:58:11 21-Dec-2014</time_stamp>
</DocumentElement>
