<?xml version="1.0"?>
<DocumentElement>
    <summary>
        <district_no>04</district_no>
        <polling_division_no>F</polling_division_no>
        <valid_votes>65,060</valid_votes>
        <valid_votes_percent>99.00%</valid_votes_percent>
        <rejected>656</rejected>
        <rejected_percent>1.00%</rejected_percent>
        <total_polled>65,716</total_polled>
        <total_polled_percent>76.54%</total_polled_percent>
        <registered_voters>85,857</registered_voters>
    </summary>
    <time_stamp xmlName="11AS.xml">10:58:11 21-Dec-2014</time_stamp>
</DocumentElement>
