<?xml version="1.0"?>
<DocumentElement>
    <summary>
        <district_no>04</district_no>
        <polling_division_no>G</polling_division_no>
        <valid_votes>47,721</valid_votes>
        <valid_votes_percent>98.61%</valid_votes_percent>
        <rejected>674</rejected>
        <rejected_percent>1.39%</rejected_percent>
        <total_polled>48,395</total_polled>
        <total_polled_percent>74.25%</total_polled_percent>
        <registered_voters>65,176</registered_voters>
    </summary>
    <time_stamp xmlName="11AS.xml">10:58:11 21-Dec-2014</time_stamp>
</DocumentElement>
