<?xml version="1.0"?>
<DocumentElement>
    <summary>
        <district_no>04</district_no>
        <polling_division_no>H</polling_division_no>
        <valid_votes>54,356</valid_votes>
        <valid_votes_percent>99.03%</valid_votes_percent>
        <rejected>534</rejected>
        <rejected_percent>0.97%</rejected_percent>
        <total_polled>54,890</total_polled>
        <total_polled_percent>75.29%</total_polled_percent>
        <registered_voters>72,906</registered_voters>
    </summary>
    <time_stamp xmlName="11AS.xml">10:58:11 21-Dec-2014</time_stamp>
</DocumentElement>
