<?xml version="1.0"?>
<DocumentElement>
    <summary>
        <district_no>04</district_no>
        <polling_division_no>J</polling_division_no>
        <valid_votes>57,881</valid_votes>
        <valid_votes_percent>99.13%</valid_votes_percent>
        <rejected>506</rejected>
        <rejected_percent>0.87</rejected_percent>
        <total_polled>58,387</total_polled>
        <total_polled_percent>75.83%</total_polled_percent>
        <registered_voters>76,996</registered_voters>
    </summary>
    <time_stamp xmlName="11AS.xml">10:58:11 21-Dec-2014</time_stamp>
</DocumentElement>
