<?xml version="1.0"?>
<DocumentElement>
    <summary>
        <district_no>04</district_no>
        <polling_division_no>K</polling_division_no>
        <valid_votes>57,454</valid_votes>
        <valid_votes_percent>98.91%</valid_votes_percent>
        <rejected>631</rejected>
        <rejected_percent>1.09</rejected_percent>
        <total_polled>58,387</total_polled>
        <total_polled_percent>75.62%</total_polled_percent>
        <registered_voters>76,81</registered_voters>
    </summary>
    <time_stamp xmlName="11AS.xml">10:58:11 21-Dec-2014</time_stamp>
</DocumentElement>
Valid Votes	57,454	98.91%
Rejected Votes	631	1.09%
Total Polled	58,085	75.62%
Regis.Electors	76,81