<?xml version="1.0"?>
<DocumentElement>
    <summary>
        <district_no>04</district_no>
        <polling_division_no>L</polling_division_no>
        <valid_votes>66,657</valid_votes>
        <valid_votes_percent>98.73%</valid_votes_percent>
        <rejected>857</rejected>
        <rejected_percent>1.27</rejected_percent>
        <total_polled>67,514</total_polled>
        <total_polled_percent>74.07%</total_polled_percent>
        <registered_voters>91,146</registered_voters>
    </summary>
    <time_stamp xmlName="11AS.xml">10:58:11 21-Dec-2014</time_stamp>
</DocumentElement>
