<?xml version="1.0"?>
<DocumentElement>
    <summary>
        <district_no>04</district_no>
        <polling_division_no>M</polling_division_no>
        <valid_votes>62,320</valid_votes>
        <valid_votes_percent>98.31%</valid_votes_percent>
        <rejected>1,069</rejected>
        <rejected_percent>1.69</rejected_percent>
        <total_polled>63,389</total_polled>
        <total_polled_percent>74.46%</total_polled_percent>
        <registered_voters>85,136</registered_voters>
    </summary>
    <time_stamp xmlName="11AS.xml">10:58:11 21-Dec-2014</time_stamp>
</DocumentElement>