<?xml version="1.0"?>
<DocumentElement>
    <summary>
        <district_no>05</district_no>
        <polling_division_no>A</polling_division_no>
        <valid_votes>87,949</valid_votes>
        <valid_votes_percent>99.12%</valid_votes_percent>
        <rejected>778</rejected>
        <rejected_percent>0.88</rejected_percent>
        <total_polled>88,727</total_polled>
        <total_polled_percent>74.28%</total_polled_percent>
        <registered_voters>119,453</registered_voters>
    </summary>
    <time_stamp xmlName="11AS.xml">10:58:11 21-Dec-2014</time_stamp>
</DocumentElement>
