<?xml version="1.0"?>
<DocumentElement>
    <summary>
        <district_no>05</district_no>
        <polling_division_no>B</polling_division_no>
        <valid_votes>48,798</valid_votes>
        <valid_votes_percent>99.27%</valid_votes_percent>
        <rejected>361</rejected>
        <rejected_percent>0.73</rejected_percent>
        <total_polled>49,159</total_polled>
        <total_polled_percent>75.98%</total_polled_percent>
        <registered_voters>64,696</registered_voters>
    </summary>
    <time_stamp xmlName="11AS.xml">10:58:11 21-Dec-2014</time_stamp>
</DocumentElement>
