<?xml version="1.0"?>
<DocumentElement>
    <summary>
        <district_no>05</district_no>
        <polling_division_no>C</polling_division_no>
        <valid_votes>54,347</valid_votes>
        <valid_votes_percent>98.82%</valid_votes_percent>
        <rejected>650</rejected>
        <rejected_percent>1.18</rejected_percent>
        <total_polled>54,997</total_polled>
        <total_polled_percent>73.18%</total_polled_percent>
        <registered_voters>75,154</registered_voters>
    </summary>
    <time_stamp xmlName="11AS.xml">10:58:11 21-Dec-2014</time_stamp>
</DocumentElement>
