<?xml version="1.0"?>
<DocumentElement>
    <summary>
        <district_no>05</district_no>
        <polling_division_no>D</polling_division_no>
        <valid_votes>60,388</valid_votes>
        <valid_votes_percent>98.76%</valid_votes_percent>
        <rejected>760</rejected>
        <rejected_percent>1.24</rejected_percent>
        <total_polled>61,148</total_polled>
        <total_polled_percent>73.34%</total_polled_percent>
        <registered_voters>83,381</registered_voters>
    </summary>
    <time_stamp xmlName="11AS.xml">10:58:11 21-Dec-2014</time_stamp>
</DocumentElement>
