<?xml version="1.0"?>
<DocumentElement>
    <summary>
        <district_no>06</district_no>
        <polling_division_no>A</polling_division_no>
        <valid_votes>184,128</valid_votes>
        <valid_votes_percent>98.03%</valid_votes_percent>
        <rejected>3,693</rejected>
        <rejected_percent>1.97</rejected_percent>
        <total_polled>187,821</total_polled>
        <total_polled_percent>76.02%</total_polled_percent>
        <registered_voters>247,069</registered_voters>
    </summary>
    <time_stamp xmlName="11AS.xml">10:58:11 21-Dec-2014</time_stamp>
</DocumentElement>
