<?xml version="1.0"?>
<DocumentElement>
    <summary>
        <district_no>06</district_no>
        <polling_division_no>B</polling_division_no>
        <valid_votes>47,476</valid_votes>
        <valid_votes_percent>98.03%</valid_votes_percent>
        <rejected>1,057</rejected>
        <rejected_percent>1.97</rejected_percent>
        <total_polled>53,627</total_polled>
        <total_polled_percent>75.82%</total_polled_percent>
        <registered_voters>70,730</registered_voters>
    </summary>
    <time_stamp xmlName="11AS.xml">10:58:11 21-Dec-2014</time_stamp>
</DocumentElement>
