<?xml version="1.0"?>
<DocumentElement>
    <summary>
        <district_no>06</district_no>
        <polling_division_no>C</polling_division_no>
        <valid_votes>47,476</valid_votes>
        <valid_votes_percent>98.45%</valid_votes_percent>
        <rejected>748</rejected>
        <rejected_percent>1.55</rejected_percent>
        <total_polled>48,224</total_polled>
        <total_polled_percent>73.10%</total_polled_percent>
        <registered_voters>65,969</registered_voters>
    </summary>
    <time_stamp xmlName="11AS.xml">10:58:11 21-Dec-2014</time_stamp>
</DocumentElement>

