<?xml version="1.0"?>
<DocumentElement>
    <summary>
        <district_no>06</district_no>
        <polling_division_no>D</polling_division_no>
        <valid_votes>52,994</valid_votes>
        <valid_votes_percent>98.38%</valid_votes_percent>
        <rejected>875</rejected>
        <rejected_percent>1.62</rejected_percent>
        <total_polled>53,869</total_polled>
        <total_polled_percent>73.42%</total_polled_percent>
        <registered_voters>73,369</registered_voters>
    </summary>
    <time_stamp xmlName="11AS.xml">10:58:11 21-Dec-2014</time_stamp>
</DocumentElement>

