<?xml version="1.0"?>
<DocumentElement>
    <summary>
        <district_no>07</district_no>
        <polling_division_no>A</polling_division_no>
        <valid_votes>36,401</valid_votes>
        <valid_votes_percent>99.34%</valid_votes_percent>
        <rejected>241</rejected>
        <rejected_percent>0.66</rejected_percent>
        <total_polled>36,642</total_polled>
        <total_polled_percent>73.12%</total_polled_percent>
        <registered_voters>50,109</registered_voters>
    </summary>
    <time_stamp xmlName="11AS.xml">10:58:11 21-Dec-2014</time_stamp>
</DocumentElement>
