<?xml version="1.0"?>
<DocumentElement>
    <summary>
        <district_no>07</district_no>
        <polling_division_no>C</polling_division_no>
        <valid_votes>49,024</valid_votes>
        <valid_votes_percent>99.38%</valid_votes_percent>
        <rejected>308</rejected>
        <rejected_percent>0.62</rejected_percent>
        <total_polled>49,332</total_polled>
        <total_polled_percent>73.60%</total_polled_percent>
        <registered_voters>67,025</registered_voters>
    </summary>
    <time_stamp xmlName="11AS.xml">10:58:11 21-Dec-2014</time_stamp>
</DocumentElement>
