<?xml version="1.0"?>
<DocumentElement>
    <summary>
        <district_no>07</district_no>
        <polling_division_no>D</polling_division_no>
        <valid_votes>65,320</valid_votes>
        <valid_votes_percent>99.42%</valid_votes_percent>
        <rejected>382</rejected>
        <rejected_percent>0.58</rejected_percent>
        <total_polled>65,702</total_polled>
        <total_polled_percent>77.50%</total_polled_percent>
        <registered_voters>84,772</registered_voters>
    </summary>
    <time_stamp xmlName="11AS.xml">10:58:11 21-Dec-2014</time_stamp>
</DocumentElement>
