<?xml version="1.0"?>
<DocumentElement>
    <summary>
        <district_no>07</district_no>
        <polling_division_no>E</polling_division_no>
        <valid_votes>75,453</valid_votes>
        <valid_votes_percent>99.40%</valid_votes_percent>
        <rejected>457</rejected>
        <rejected_percent>0.60</rejected_percent>
        <total_polled>75,910</total_polled>
        <total_polled_percent>80.55%</total_polled_percent>
        <registered_voters>94,245</registered_voters>
    </summary>
    <time_stamp xmlName="11AS.xml">10:58:11 21-Dec-2014</time_stamp>
</DocumentElement>
