<?xml version="1.0"?>
<DocumentElement>
    <summary>
        <district_no>07</district_no>
        <polling_division_no>F</polling_division_no>
        <valid_votes>70,302</valid_votes>
        <valid_votes_percent>99.31%</valid_votes_percent>
        <rejected>489</rejected>
        <rejected_percent>0.69</rejected_percent>
        <total_polled>70,791</total_polled>
        <total_polled_percent>78.83%</total_polled_percent>
        <registered_voters>89,805</registered_voters>
    </summary>
    <time_stamp xmlName="11AS.xml">10:58:11 21-Dec-2014</time_stamp>
</DocumentElement>
