<?xml version="1.0"?>
<DocumentElement>
    <summary>
        <district_no>07</district_no>
        <polling_division_no>G</polling_division_no>
        <valid_votes>55,672</valid_votes>
        <valid_votes_percent>99.40%</valid_votes_percent>
        <rejected>336</rejected>
        <rejected_percent>0.60</rejected_percent>
        <total_polled>56,008</total_polled>
        <total_polled_percent>75.24%</total_polled_percent>
        <registered_voters>74,442</registered_voters>
    </summary>
    <time_stamp xmlName="11AS.xml">10:58:11 21-Dec-2014</time_stamp>
</DocumentElement>

