<?xml version="1.0"?>
<DocumentElement>
    <summary>
        <district_no>07</district_no>
        <polling_division_no>H</polling_division_no>
        <valid_votes>54,038</valid_votes>
        <valid_votes_percent>99.43%</valid_votes_percent>
        <rejected>312</rejected>
        <rejected_percent>0.57</rejected_percent>
        <total_polled>54,350</total_polled>
        <total_polled_percent>75.93%</total_polled_percent>
        <registered_voters>71,575</registered_voters>
    </summary>
    <time_stamp xmlName="11AS.xml">10:58:11 21-Dec-2014</time_stamp>
</DocumentElement>

