<?xml version="1.0"?>
<DocumentElement>
    <summary>
        <district_no>07</district_no>
        <polling_division_no>I</polling_division_no>
        <valid_votes>65,526</valid_votes>
        <valid_votes_percent>99.44%</valid_votes_percent>
        <rejected>371</rejected>
        <rejected_percent>0.56</rejected_percent>
        <total_polled>65,897</total_polled>
        <total_polled_percent>77.64%</total_polled_percent>
        <registered_voters>84,872</registered_voters>
    </summary>
    <time_stamp xmlName="11AS.xml">10:58:11 21-Dec-2014</time_stamp>
</DocumentElement>

