<?xml version="1.0"?>
<DocumentElement>
    <summary>
        <district_no>08</district_no>
        <polling_division_no>A</polling_division_no>
        <valid_votes>65,613</valid_votes>
        <valid_votes_percent>99.06%</valid_votes_percent>
        <rejected>624</rejected>
        <rejected_percent>0.94</rejected_percent>
        <total_polled>66,237</total_polled>
        <total_polled_percent>76.74%</total_polled_percent>
        <registered_voters>86,311</registered_voters>
    </summary>
    <time_stamp xmlName="11AS.xml">10:58:11 21-Dec-2014</time_stamp>
</DocumentElement>
