<?xml version="1.0"?>
<DocumentElement>
    <summary>
        <district_no>08</district_no>
        <polling_division_no>B</polling_division_no>
        <valid_votes>64,522</valid_votes>
        <valid_votes_percent>99.30%</valid_votes_percent>
        <rejected>452</rejected>
        <rejected_percent>0.70</rejected_percent>
        <total_polled>664,974</total_polled>
        <total_polled_percent>75.83%</total_polled_percent>
        <registered_voters>85,686</registered_voters>
    </summary>
    <time_stamp xmlName="11AS.xml">10:58:11 21-Dec-2014</time_stamp>
</DocumentElement>
