<?xml version="1.0"?>
<DocumentElement>
    <summary>
        <district_no>08</district_no>
        <polling_division_no>C</polling_division_no>
        <valid_votes>67,519</valid_votes>
        <valid_votes_percent>99.34%</valid_votes_percent>
        <rejected>449</rejected>
        <rejected_percent>0.66</rejected_percent>
        <total_polled>67,968</total_polled>
        <total_polled_percent>77.67%</total_polled_percent>
        <registered_voters>87,510</registered_voters>
    </summary>
    <time_stamp xmlName="11AS.xml">10:58:11 21-Dec-2014</time_stamp>
</DocumentElement>
