<?xml version="1.0"?>
<DocumentElement>
    <summary>
        <district_no>08</district_no>
        <polling_division_no>D</polling_division_no>
        <valid_votes>58,365</valid_votes>
        <valid_votes_percent>99.38%</valid_votes_percent>
        <rejected>364</rejected>
        <rejected_percent>0.62</rejected_percent>
        <total_polled>58,729</total_polled>
        <total_polled_percent>75.58%</total_polled_percent>
        <registered_voters>77,705</registered_voters>
    </summary>
    <time_stamp xmlName="11AS.xml">10:58:11 21-Dec-2014</time_stamp>
</DocumentElement>

