<?xml version="1.0"?>
<DocumentElement>
    <summary>
        <district_no>08</district_no>
        <polling_division_no>E</polling_division_no>
        <valid_votes>54,372</valid_votes>
        <valid_votes_percent>99.44%</valid_votes_percent>
        <rejected>308</rejected>
        <rejected_percent>0.56</rejected_percent>
        <total_polled>54,680</total_polled>
        <total_polled_percent>73.30%</total_polled_percent>
        <registered_voters>74,601</registered_voters>
    </summary>
    <time_stamp xmlName="11AS.xml">10:58:11 21-Dec-2014</time_stamp>
</DocumentElement>
