<?xml version="1.0"?>
<DocumentElement>
    <summary>
        <district_no>08</district_no>
        <polling_division_no>F</polling_division_no>
        <valid_votes>61,642</valid_votes>
        <valid_votes_percent>99.41%</valid_votes_percent>
        <rejected>367</rejected>
        <rejected_percent>0.59</rejected_percent>
        <total_polled>62,009</total_polled>
        <total_polled_percent>77.19%</total_polled_percent>
        <registered_voters>80,334</registered_voters>
    </summary>
    <time_stamp xmlName="11AS.xml">10:58:11 21-Dec-2014</time_stamp>
</DocumentElement>

