<?xml version="1.0"?>
<DocumentElement>
    <summary>
        <district_no>08</district_no>
        <polling_division_no>G</polling_division_no>
        <valid_votes>64,254</valid_votes>
        <valid_votes_percent>99.48%</valid_votes_percent>
        <rejected>333</rejected>
        <rejected_percent>0.52%</rejected_percent>
        <total_polled>64,587</total_polled>
        <total_polled_percent>74.49%</total_polled_percent>
        <registered_voters>86,711</registered_voters>
    </summary>
    <time_stamp xmlName="11AS.xml">10:58:11 21-Dec-2014</time_stamp>
</DocumentElement>
