<?xml version="1.0"?>
<DocumentElement>
    <summary>
        <district_no>09</district_no>
        <polling_division_no>A</polling_division_no>
        <valid_votes>72,050</valid_votes>
        <valid_votes_percent>99.27%</valid_votes_percent>
        <rejected>529</rejected>
        <rejected_percent>0.73%</rejected_percent>
        <total_polled>72,579</total_polled>
        <total_polled_percent>77.47%</total_polled_percent>
        <registered_voters>93,685</registered_voters>
    </summary>
    <time_stamp xmlName="11AS.xml">10:58:11 21-Dec-2014</time_stamp>
</DocumentElement>
