<?xml version="1.0"?>
<DocumentElement>
    <summary>
        <district_no>09</district_no>
        <polling_division_no>B</polling_division_no>
        <valid_votes>56,862</valid_votes>
        <valid_votes_percent>99.43%</valid_votes_percent>
        <rejected>324</rejected>
        <rejected_percent>0.57%</rejected_percent>
        <total_polled>57,186</total_polled>
        <total_polled_percent>76.79%</total_polled_percent>
        <registered_voters>74,470</registered_voters>
    </summary>
    <time_stamp xmlName="11AS.xml">10:58:11 21-Dec-2014</time_stamp>
</DocumentElement>
