<?xml version="1.0"?>
<DocumentElement>
    <summary>
        <district_no>09</district_no>
        <polling_division_no>C</polling_division_no>
        <valid_votes>85,119</valid_votes>
        <valid_votes_percent>99.40%</valid_votes_percent>
        <rejected>511</rejected>
        <rejected_percent>0.60%</rejected_percent>
        <total_polled>85,630</total_polled>
        <total_polled_percent>78.27%</total_polled_percent>
        <registered_voters>109,409</registered_voters>
    </summary>
    <time_stamp xmlName="11AS.xml">10:58:11 21-Dec-2014</time_stamp>
</DocumentElement>
