<?xml version="1.0"?>
<DocumentElement>
    <summary>
        <district_no>09</district_no>
        <polling_division_no>D</polling_division_no>
        <valid_votes>110,834</valid_votes>
        <valid_votes_percent>99.33%</valid_votes_percent>
        <rejected>748</rejected>
        <rejected_percent>0.67%</rejected_percent>
        <total_polled>111,582</total_polled>
        <total_polled_percent>77.69%</total_polled_percent>
        <registered_voters>143,622</registered_voters>
    </summary>
    <time_stamp xmlName="11AS.xml">10:58:11 21-Dec-2014</time_stamp>
</DocumentElement>
