<?xml version="1.0"?>
<DocumentElement>
    <summary>
        <district_no>10</district_no>
        <polling_division_no>A</polling_division_no>
        <valid_votes>9,983</valid_votes>
        <valid_votes_percent>96.73%</valid_votes_percent>
        <rejected>338</rejected>
        <rejected_percent>3.27%</rejected_percent>
        <total_polled>10,321</total_polled>
        <total_polled_percent>19.43%</total_polled_percent>
        <registered_voters>53,111</registered_voters>
    </summary>
    <time_stamp xmlName="11AS.xml">10:58:11 21-Dec-2014</time_stamp>
</DocumentElement>
