<?xml version="1.0"?>
<DocumentElement>
    <summary>
        <district_no>10</district_no>
        <polling_division_no>B</polling_division_no>
        <valid_votes>18,684</valid_votes>
        <valid_votes_percent>96.13%</valid_votes_percent>
        <rejected>752</rejected>
        <rejected_percent>3.87%</rejected_percent>
        <total_polled>19,436</total_polled>
        <total_polled_percent>30.37%</total_polled_percent>
        <registered_voters>63,991</registered_voters>
    </summary>
    <time_stamp xmlName="11AS.xml">10:58:11 21-Dec-2014</time_stamp>
</DocumentElement>
