<?xml version="1.0"?>
<DocumentElement>
    <summary>
        <district_no>09</district_no>
        <polling_division_no>C</polling_division_no>
        <valid_votes>14,440</valid_votes>
        <valid_votes_percent>96.70%</valid_votes_percent>
        <rejected>493</rejected>
        <rejected_percent>3.30%</rejected_percent>
        <total_polled>14,933</total_polled>
        <total_polled_percent>21.62%</total_polled_percent>
        <registered_voters>69,082</registered_voters>
    </summary>
    <time_stamp xmlName="11AS.xml">10:58:11 21-Dec-2014</time_stamp>
</DocumentElement>
