<?xml version="1.0"?>
<DocumentElement>
    <summary>
        <district_no>10</district_no>
        <polling_division_no>D</polling_division_no>
        <valid_votes>21,594</valid_votes>
        <valid_votes_percent>96.08%</valid_votes_percent>
        <rejected>881</rejected>
        <rejected_percent>3.92%</rejected_percent>
        <total_polled>22,475</total_polled>
        <total_polled_percent>31.60%</total_polled_percent>
        <registered_voters>71,114</registered_voters>
    </summary>
    <time_stamp xmlName="11AS.xml">10:58:11 21-Dec-2014</time_stamp>
</DocumentElement>
