<?xml version="1.0"?>
<DocumentElement>
    <summary>
        <district_no>10</district_no>
        <polling_division_no>E</polling_division_no>
        <valid_votes>20,508</valid_votes>
        <valid_votes_percent>97.04%</valid_votes_percent>
        <rejected>625</rejected>
        <rejected_percent>2.96%</rejected_percent>
        <total_polled>21,133</total_polled>
        <total_polled_percent>32.12%</total_polled_percent>
        <registered_voters>65,798</registered_voters>
    </summary>
    <time_stamp xmlName="11AS.xml">10:58:11 21-Dec-2014</time_stamp>
</DocumentElement>
