<?xml version="1.0"?>
<DocumentElement>
    <summary>
        <district_no>10</district_no>
        <polling_division_no>F</polling_division_no>
        <valid_votes>13,355</valid_votes>
        <valid_votes_percent>95.70%</valid_votes_percent>
        <rejected>600</rejected>
        <rejected_percent>4.30%</rejected_percent>
        <total_polled>13,955</total_polled>
        <total_polled_percent>24.73%</total_polled_percent>
        <registered_voters>56,426</registered_voters>
    </summary>
    <time_stamp xmlName="11AS.xml">10:58:11 21-Dec-2014</time_stamp>
</DocumentElement>