<?xml version="1.0"?>
<DocumentElement>
    <summary>
        <district_no>10</district_no>
        <polling_division_no>G</polling_division_no>
        <valid_votes>12,388</valid_votes>
        <valid_votes_percent>96.57%</valid_votes_percent>
        <rejected>440</rejected>
        <rejected_percent>3.43%</rejected_percent>
        <total_polled>12,828</total_polled>
        <total_polled_percent>26.39%</total_polled_percent>
        <registered_voters>48,613</registered_voters>
    </summary>
    <time_stamp xmlName="11AS.xml">10:58:11 21-Dec-2014</time_stamp>
</DocumentElement>
