<?xml version="1.0"?>
<DocumentElement>
    <summary>
        <district_no>10</district_no>
        <polling_division_no>H</polling_division_no>
        <valid_votes>18,590</valid_votes>
        <valid_votes_percent>95.58%</valid_votes_percent>
        <rejected>860</rejected>
        <rejected_percent>4.42%</rejected_percent>
        <total_polled>19,450</total_polled>
        <total_polled_percent>29.86%</total_polled_percent>
        <registered_voters>65,141</registered_voters>
    </summary>
    <time_stamp xmlName="11AS.xml">10:58:11 21-Dec-2014</time_stamp>
</DocumentElement>
