<?xml version="1.0"?>
<DocumentElement>
    <summary>
        <district_no>10</district_no>
        <polling_division_no>I</polling_division_no>
        <valid_votes>16,391</valid_votes>
        <valid_votes_percent>96.71%</valid_votes_percent>
        <rejected>557</rejected>
        <rejected_percent>3.29%</rejected_percent>
        <total_polled>16,948</total_polled>
        <total_polled_percent>23.36%</total_polled_percent>
        <registered_voters>72,558</registered_voters>
    </summary>
    <time_stamp xmlName="11AS.xml">10:58:11 21-Dec-2014</time_stamp>
</DocumentElement>
