<?xml version="1.0"?>
<DocumentElement>
    <summary>
        <district_no>10</district_no>
        <polling_division_no>J</polling_division_no>
        <valid_votes>11,960</valid_votes>
        <valid_votes_percent>96.34%</valid_votes_percent>
        <rejected>454</rejected>
        <rejected_percent>3.66%</rejected_percent>
        <total_polled>12,414</total_polled>
        <total_polled_percent>19.18%</total_polled_percent>
        <registered_voters>64,714</registered_voters>
    </summary>
    <time_stamp xmlName="11AS.xml">10:58:11 21-Dec-2014</time_stamp>
</DocumentElement>
