<?xml version="1.0"?>
<DocumentElement>
    <summary>
        <district_no>10</district_no>
        <polling_division_no>K</polling_division_no>
        <valid_votes>6,280</valid_votes>
        <valid_votes_percent>95.64%</valid_votes_percent>
        <rejected>286</rejected>
        <rejected_percent>4.36%</rejected_percent>
        <total_polled>6,566</total_polled>
        <total_polled_percent>7.23%</total_polled_percent>
        <registered_voters>90,811</registered_voters>
    </summary>
    <time_stamp xmlName="11AS.xml">10:58:11 21-Dec-2014</time_stamp>
</DocumentElement>
