<?xml version="1.0"?>
<DocumentElement>
    <summary>
        <district_no>11</district_no>
        <polling_division_no>A</polling_division_no>
        <valid_votes>28,717</valid_votes>
        <valid_votes_percent>98.44%</valid_votes_percent>
        <rejected>455</rejected>
        <rejected_percent>1.56%</rejected_percent>
        <total_polled>29,172</total_polled>
        <total_polled_percent>34.19%</total_polled_percent>
        <registered_voters>85,322</registered_voters>
    </summary>
    <time_stamp xmlName="11AS.xml">10:58:11 21-Dec-2014</time_stamp>
</DocumentElement>
