<?xml version="1.0"?>
<DocumentElement>
    <summary>
        <district_no>10</district_no>
        <polling_division_no>B</polling_division_no>
        <valid_votes>48,163</valid_votes>
        <valid_votes_percent>97.30%</valid_votes_percent>
        <rejected>1,335</rejected>
        <rejected_percent>2.70%</rejected_percent>
        <total_polled>49,498</total_polled>
        <total_polled_percent>43.83%</total_polled_percent>
        <registered_voters>112,924</registered_voters>
    </summary>
    <time_stamp xmlName="11AS.xml">10:58:11 21-Dec-2014</time_stamp>
</DocumentElement>
