<?xml version="1.0"?>
<DocumentElement>
    <summary>
        <district_no>10</district_no>
        <polling_division_no>C</polling_division_no>
        <valid_votes>9,367</valid_votes>
        <valid_votes_percent>97.32%</valid_votes_percent>
        <rejected>258</rejected>
        <rejected_percent>2.68%</rejected_percent>
        <total_polled>9,625</total_polled>
        <total_polled_percent>14.00%</total_polled_percent>
        <registered_voters>68,729</registered_voters>
    </summary>
    <time_stamp xmlName="11AS.xml">10:58:11 21-Dec-2014</time_stamp>
</DocumentElement>