<?xml version="1.0"?>
<DocumentElement>
    <summary>
        <district_no>13</district_no>
        <polling_division_no>A</polling_division_no>
        <valid_votes>58,905</valid_votes>
        <valid_votes_percent>97.87%</valid_votes_percent>
        <rejected>1,281</rejected>
        <rejected_percent>2.13%</rejected_percent>
        <total_polled>60,186</total_polled>
        <total_polled_percent>61.96%</total_polled_percent>
        <registered_voters>97,135</registered_voters>
    </summary>
    <time_stamp xmlName="11AS.xml">10:58:11 21-Dec-2014</time_stamp>
</DocumentElement>
