<?xml version="1.0"?>
<DocumentElement>
    <summary>
        <district_no>12</district_no>
        <polling_division_no>B</polling_division_no>
        <valid_votes>101,800</valid_votes>
        <valid_votes_percent>98.18%</valid_votes_percent>
        <rejected>1,885</rejected>
        <rejected_percent>1.82%</rejected_percent>
        <total_polled>103,685</total_polled>
        <total_polled_percent>66.66%</total_polled_percent>
        <registered_voters>155,537</registered_voters>
    </summary>
    <time_stamp xmlName="11AS.xml">10:58:11 21-Dec-2014</time_stamp>
</DocumentElement>
