<?xml version="1.0"?>
<DocumentElement>
    <summary>
        <district_no>12</district_no>
        <polling_division_no>C</polling_division_no>
        <valid_votes>45,904</valid_votes>
        <valid_votes_percent>97.53%</valid_votes_percent>
        <rejected>1,161</rejected>
        <rejected_percent>2.47%</rejected_percent>
        <total_polled>47,065</total_polled>
        <total_polled_percent>58.13%</total_polled_percent>
        <registered_voters>80,972</registered_voters>
    </summary>
    <time_stamp xmlName="11AS.xml">10:58:11 21-Dec-2014</time_stamp>
</DocumentElement>