<?xml version="1.0"?>
<DocumentElement>
    <summary>
        <district_no>13</district_no>
        <polling_division_no>A</polling_division_no>
        <valid_votes>108,026</valid_votes>
        <valid_votes_percent>99.44%</valid_votes_percent>
        <rejected>608</rejected>
        <rejected_percent>0.56%</rejected_percent>
        <total_polled>108,634</total_polled>
        <total_polled_percent>74.67%</total_polled_percent>
        <registered_voters>145,479</registered_voters>
    </summary>
    <time_stamp xmlName="11AS.xml">10:58:11 21-Dec-2014</time_stamp>
</DocumentElement>
