<?xml version="1.0"?>
<DocumentElement>
    <summary>
        <district_no>13</district_no>
        <polling_division_no>B</polling_division_no>
        <valid_votes>48,262</valid_votes>
        <valid_votes_percent>98.86%</valid_votes_percent>
        <rejected>556</rejected>
        <rejected_percent>1.14%</rejected_percent>
        <total_polled>48,818</total_polled>
        <total_polled_percent>68.33%</total_polled_percent>
        <registered_voters>71,442</registered_voters>
    </summary>
    <time_stamp xmlName="11AS.xml">10:58:11 21-Dec-2014</time_stamp>
</DocumentElement>
