<?xml version="1.0"?>
<DocumentElement>
    <summary>
        <district_no>13</district_no>
        <polling_division_no>C</polling_division_no>
        <valid_votes>43,486</valid_votes>
        <valid_votes_percent>98.76%</valid_votes_percent>
        <rejected>544</rejected>
        <rejected_percent>1.24%</rejected_percent>
        <total_polled>44,030</total_polled>
        <total_polled_percent>66.58%</total_polled_percent>
        <registered_voters>66,135</registered_voters>
    </summary>
    <time_stamp xmlName="11AS.xml">10:58:11 21-Dec-2014</time_stamp>
</DocumentElement>

