<?xml version="1.0"?>
<DocumentElement>
    <summary>
        <district_no>13</district_no>
        <polling_division_no>D</polling_division_no>
        <valid_votes>90,796</valid_votes>
        <valid_votes_percent>98.84%</valid_votes_percent>
        <rejected>1,066</rejected>
        <rejected_percent>1.16%</rejected_percent>
        <total_polled>91,862</total_polled>
        <total_polled_percent>66.67%</total_polled_percent>
        <registered_voters>137,779</registered_voters>
    </summary>
    <time_stamp xmlName="11AS.xml">10:58:11 21-Dec-2014</time_stamp>
</DocumentElement>

