<?xml version="1.0"?>
<DocumentElement>
    <summary>
        <district_no>14</district_no>
        <polling_division_no>A</polling_division_no>
        <valid_votes>44,269</valid_votes>
        <valid_votes_percent>98.74%</valid_votes_percent>
        <rejected>563</rejected>
        <rejected_percent>1.26%</rejected_percent>
        <total_polled>44,832</total_polled>
        <total_polled_percent>64.93%</total_polled_percent>
        <registered_voters>69,047</registered_voters>
    </summary>
    <time_stamp xmlName="11AS.xml">10:58:11 21-Dec-2014</time_stamp>
</DocumentElement>

