<?xml version="1.0"?>
<DocumentElement>
    <summary>
        <district_no>14</district_no>
        <polling_division_no>B</polling_division_no>
        <valid_votes>51,698</valid_votes>
        <valid_votes_percent>98.01%</valid_votes_percent>
        <rejected>1,050</rejected>
        <rejected_percent>1.99%</rejected_percent>
        <total_polled>52,748</total_polled>
        <total_polled_percent>60.85%</total_polled_percent>
        <registered_voters>86,685</registered_voters>
    </summary>
    <time_stamp xmlName="11AS.xml">10:58:11 21-Dec-2014</time_stamp>
</DocumentElement>
