<?xml version="1.0"?>
<DocumentElement>
    <summary>
        <district_no>14</district_no>
        <polling_division_no>C</polling_division_no>
        <valid_votes>55,219</valid_votes>
        <valid_votes_percent>98.76%</valid_votes_percent>
        <rejected>696</rejected>
        <rejected_percent>1.24%</rejected_percent>
        <total_polled>55,915</total_polled>
        <total_polled_percent>65.47%</total_polled_percent>
        <registered_voters>85,401</registered_voters>
    </summary>
    <time_stamp xmlName="11AS.xml">10:58:11 21-Dec-2014</time_stamp>
</DocumentElement>
