<?xml version="1.0"?>
<DocumentElement>
    <summary>
        <district_no>15</district_no>
        <polling_division_no>A</polling_division_no>
        <valid_votes>69,661</valid_votes>
        <valid_votes_percent>99.52%</valid_votes_percent>
        <rejected>334</rejected>
        <rejected_percent>0.48%</rejected_percent>
        <total_polled>69,995</total_polled>
        <total_polled_percent>72.64%</total_polled_percent>
        <registered_voters>96,354</registered_voters>
    </summary>
    <time_stamp xmlName="11AS.xml">10:58:11 21-Dec-2014</time_stamp>
</DocumentElement>
