<?xml version="1.0"?>
<DocumentElement>
    <summary>
        <district_no>15</district_no>
        <polling_division_no>B</polling_division_no>
        <valid_votes>64,369</valid_votes>
        <valid_votes_percent>99.33%</valid_votes_percent>
        <rejected>432</rejected>
        <rejected_percent>0.67%</rejected_percent>
        <total_polled>64,801</total_polled>
        <total_polled_percent>73.72%</total_polled_percent>
        <registered_voters>87,897</registered_voters>
    </summary>
    <time_stamp xmlName="11AS.xml">10:58:11 21-Dec-2014</time_stamp>
</DocumentElement>
