<?xml version="1.0"?>
<DocumentElement>
    <summary>
        <district_no>15</district_no>
        <polling_division_no>C</polling_division_no>
        <valid_votes>76,418</valid_votes>
        <valid_votes_percent>99.35%</valid_votes_percent>
        <rejected>502</rejected>
        <rejected_percent>0.65%</rejected_percent>
        <total_polled>76,920</total_polled>
        <total_polled_percent>72.72%</total_polled_percent>
        <registered_voters>105,779</registered_voters>
    </summary>
    <time_stamp xmlName="11AS.xml">10:58:11 21-Dec-2014</time_stamp>
</DocumentElement>
