<?xml version="1.0"?>
<DocumentElement>
    <summary>
        <district_no>15</district_no>
        <polling_division_no>D</polling_division_no>
        <valid_votes>65,853</valid_votes>
        <valid_votes_percent>99.17%</valid_votes_percent>
        <rejected>548</rejected>
        <rejected_percent>0.83%</rejected_percent>
        <total_polled>66,401</total_polled>
        <total_polled_percent>72.06%</total_polled_percent>
        <registered_voters>92,150</registered_voters>
    </summary>
    <time_stamp xmlName="11AS.xml">10:58:11 21-Dec-2014</time_stamp>
</DocumentElement>

