<?xml version="1.0"?>
<DocumentElement>
    <summary>
        <district_no>15</district_no>
        <polling_division_no>E</polling_division_no>
        <valid_votes>53,598</valid_votes>
        <valid_votes_percent>99.36%</valid_votes_percent>
        <rejected>343</rejected>
        <rejected_percent>0.64%</rejected_percent>
        <total_polled>53,941</total_polled>
        <total_polled_percent>75.02%</total_polled_percent>
        <registered_voters>71,905</registered_voters>
    </summary>
    <time_stamp xmlName="11AS.xml">10:58:11 21-Dec-2014</time_stamp>
</DocumentElement>
