<?xml version="1.0"?>
<DocumentElement>
    <summary>
        <district_no>15</district_no>
        <polling_division_no>F</polling_division_no>
        <valid_votes>53,285</valid_votes>
        <valid_votes_percent>99.50%</valid_votes_percent>
        <rejected>270</rejected>
        <rejected_percent>0.50%</rejected_percent>
        <total_polled>53,555</total_polled>
        <total_polled_percent>76.36%</total_polled_percent>
        <registered_voters>70,131</registered_voters>
    </summary>
    <time_stamp xmlName="11AS.xml">10:58:11 21-Dec-2014</time_stamp>
</DocumentElement>
