<?xml version="1.0"?>
<DocumentElement>
    <summary>
        <district_no>15</district_no>
        <polling_division_no>G</polling_division_no>
        <valid_votes>62,174</valid_votes>
        <valid_votes_percent>99.42%</valid_votes_percent>
        <rejected>360</rejected>
        <rejected_percent>0.58%</rejected_percent>
        <total_polled>62,534</total_polled>
        <total_polled_percent>75.85%</total_polled_percent>
        <registered_voters>82,441</registered_voters>
    </summary>
    <time_stamp xmlName="11AS.xml">10:58:11 21-Dec-2014</time_stamp>
</DocumentElement>
