<?xml version="1.0"?>
<DocumentElement>
    <summary>
        <district_no>15</district_no>
        <polling_division_no>H</polling_division_no>
        <valid_votes>69,380</valid_votes>
        <valid_votes_percent>99.44%</valid_votes_percent>
        <rejected>390</rejected>
        <rejected_percent>0.56%</rejected_percent>
        <total_polled>69,770</total_polled>
        <total_polled_percent>78.12%</total_polled_percent>
        <registered_voters>89,310</registered_voters>
    </summary>
    <time_stamp xmlName="11AS.xml">10:58:11 21-Dec-2014</time_stamp>
</DocumentElement>
