<?xml version="1.0"?>
<DocumentElement>
    <summary>
        <district_no>15</district_no>
        <polling_division_no>I</polling_division_no>
        <valid_votes>70,668</valid_votes>
        <valid_votes_percent>99.51%</valid_votes_percent>
        <rejected>349</rejected>
        <rejected_percent>0.49%</rejected_percent>
        <total_polled>71,017</total_polled>
        <total_polled_percent>74.96%</total_polled_percent>
        <registered_voters>94,743</registered_voters>
    </summary>
    <time_stamp xmlName="11AS.xml">10:58:11 21-Dec-2014</time_stamp>
</DocumentElement>
