<?xml version="1.0"?>
<DocumentElement>
    <summary>
        <district_no>15</district_no>
        <polling_division_no>J</polling_division_no>
        <valid_votes>68,047</valid_votes>
        <valid_votes_percent>99.36%</valid_votes_percent>
        <rejected>436</rejected>
        <rejected_percent>0.64%</rejected_percent>
        <total_polled>68,483</total_polled>
        <total_polled_percent>76.41%</total_polled_percent>
        <registered_voters>89,631</registered_voters>
    </summary>
    <time_stamp xmlName="11AS.xml">10:58:11 21-Dec-2014</time_stamp>
</DocumentElement>
