<?xml version="1.0"?>
<DocumentElement>
    <summary>
        <district_no>15</district_no>
        <polling_division_no>K</polling_division_no>
        <valid_votes>54,555</valid_votes>
        <valid_votes_percent>99.43%</valid_votes_percent>
        <rejected>311</rejected>
        <rejected_percent>0.57%</rejected_percent>
        <total_polled>54,866</total_polled>
        <total_polled_percent>74.87%</total_polled_percent>
        <registered_voters>73,283</registered_voters>
    </summary>
    <time_stamp xmlName="11AS.xml">10:58:11 21-Dec-2014</time_stamp>
</DocumentElement>
