<?xml version="1.0"?>
<DocumentElement>
    <summary>
        <district_no>15</district_no>
        <polling_division_no>L</polling_division_no>
        <valid_votes>60,922</valid_votes>
        <valid_votes_percent>99.20%</valid_votes_percent>
        <rejected>492</rejected>
        <rejected_percent>0.80%</rejected_percent>
        <total_polled>61,414</total_polled>
        <total_polled_percent>75.33%</total_polled_percent>
        <registered_voters>81,523</registered_voters>
    </summary>
    <time_stamp xmlName="11AS.xml">10:58:11 21-Dec-2014</time_stamp>
</DocumentElement>
