<?xml version="1.0"?>
<DocumentElement>
    <summary>
        <district_no>15</district_no>
        <polling_division_no>M</polling_division_no>
        <valid_votes>61,286</valid_votes>
        <valid_votes_percent>99.26%</valid_votes_percent>
        <rejected>458</rejected>
        <rejected_percent>0.74%</rejected_percent>
        <total_polled>61,744</total_polled>
        <total_polled_percent>74.70%</total_polled_percent>
        <registered_voters>82,656</registered_voters>
    </summary>
    <time_stamp xmlName="11AS.xml">10:58:11 21-Dec-2014</time_stamp>
</DocumentElement>
