<?xml version="1.0"?>
<DocumentElement>
    <summary>
        <district_no>15</district_no>
        <polling_division_no>N</polling_division_no>
        <valid_votes>47,471</valid_votes>
        <valid_votes_percent>99.36%</valid_votes_percent>
        <rejected>308</rejected>
        <rejected_percent>0.64%</rejected_percent>
        <total_polled>47,779</total_polled>
        <total_polled_percent>72.56%</total_polled_percent>
        <registered_voters>65,846</registered_voters>
    </summary>
    <time_stamp xmlName="11AS.xml">10:58:11 21-Dec-2014</time_stamp>
</DocumentElement>
