<?xml version="1.0"?>
<DocumentElement>
    <summary>
        <district_no>16</district_no>
        <polling_division_no>A</polling_division_no>
        <valid_votes>64,302</valid_votes>
        <valid_votes_percent>98.56%</valid_votes_percent>
        <rejected>941</rejected>
        <rejected_percent>1.44%</rejected_percent>
        <total_polled>65,243</total_polled>
        <total_polled_percent>63.56%</total_polled_percent>
        <registered_voters>102,643</registered_voters>
    </summary>
    <time_stamp xmlName="11AS.xml">10:58:11 21-Dec-2014</time_stamp>
</DocumentElement>
