<?xml version="1.0"?>
<DocumentElement>
    <summary>
        <district_no>16</district_no>
        <polling_division_no>B</polling_division_no>
        <valid_votes>70,906</valid_votes>
        <valid_votes_percent>99.29%</valid_votes_percent>
        <rejected>508</rejected>
        <rejected_percent>0.71%</rejected_percent>
        <total_polled>71,414</total_polled>
        <total_polled_percent>70.22%</total_polled_percent>
        <registered_voters>101,696</registered_voters>
    </summary>
    <time_stamp xmlName="11AS.xml">10:58:11 21-Dec-2014</time_stamp>
</DocumentElement>

