<?xml version="1.0"?>
<DocumentElement>
    <summary>
        <district_no>16</district_no>
        <polling_division_no>D</polling_division_no>
        <valid_votes>57,124</valid_votes>
        <valid_votes_percent>99.38%</valid_votes_percent>
        <rejected>355</rejected>
        <rejected_percent>0.62%</rejected_percent>
        <total_polled>57,479</total_polled>
        <total_polled_percent>69.07%</total_polled_percent>
        <registered_voters>83,218</registered_voters>
    </summary>
    <time_stamp xmlName="11AS.xml">10:58:11 21-Dec-2014</time_stamp>
</DocumentElement>
