<?xml version="1.0"?>
<DocumentElement>
    <summary>
        <district_no>16</district_no>
        <polling_division_no>E</polling_division_no>
        <valid_votes>67,833</valid_votes>
        <valid_votes_percent>99.31%</valid_votes_percent>
        <rejected>471</rejected>
        <rejected_percent>0.69%</rejected_percent>
        <total_polled>68,304</total_polled>
        <total_polled_percent>68.46%</total_polled_percent>
        <registered_voters>99,774</registered_voters>
    </summary>
    <time_stamp xmlName="11AS.xml">10:58:11 21-Dec-2014</time_stamp>
</DocumentElement>
