<?xml version="1.0"?>
<DocumentElement>
    <summary>
        <district_no>17</district_no>
        <polling_division_no>A</polling_division_no>
        <valid_votes>51,982</valid_votes>
        <valid_votes_percent>99.44%</valid_votes_percent>
        <rejected>293</rejected>
        <rejected_percent>0.56%</rejected_percent>
        <total_polled>52,275</total_polled>
        <total_polled_percent>69.07%</total_polled_percent>
        <registered_voters>75,683</registered_voters>
    </summary>
    <time_stamp xmlName="11AS.xml">10:58:11 21-Dec-2014</time_stamp>
</DocumentElement>

