<?xml version="1.0"?>
<DocumentElement>
    <summary>
        <district_no>17</district_no>
        <polling_division_no>B</polling_division_no>
        <valid_votes>51,687</valid_votes>
        <valid_votes_percent>99.32%</valid_votes_percent>
        <rejected>356</rejected>
        <rejected_percent>0.68%</rejected_percent>
        <total_polled>52,043</total_polled>
        <total_polled_percent>70.72%</total_polled_percent>
        <registered_voters>73,590</registered_voters>
    </summary>
    <time_stamp xmlName="11AS.xml">10:58:11 21-Dec-2014</time_stamp>
</DocumentElement>

