<?xml version="1.0"?>
<DocumentElement>
    <summary>
        <district_no>17</district_no>
        <polling_division_no>C</polling_division_no>
        <valid_votes>64,582</valid_votes>
        <valid_votes_percent>99.21%</valid_votes_percent>
        <rejected>517</rejected>
        <rejected_percent>0.79%</rejected_percent>
        <total_polled>65,099</total_polled>
        <total_polled_percent>73.84%</total_polled_percent>
        <registered_voters>88,157</registered_voters>
    </summary>
    <time_stamp xmlName="11AS.xml">10:58:11 21-Dec-2014</time_stamp>
</DocumentElement>
