<?xml version="1.0"?>
<DocumentElement>
    <summary>
        <district_no>17</district_no>
        <polling_division_no>D</polling_division_no>
        <valid_votes>64,575</valid_votes>
        <valid_votes_percent>99.11%</valid_votes_percent>
        <rejected>583</rejected>
        <rejected_percent>0.89%</rejected_percent>
        <total_polled>65,158</total_polled>
        <total_polled_percent>69.66%</total_polled_percent>
        <registered_voters>93,534</registered_voters>
    </summary>
    <time_stamp xmlName="11AS.xml">10:58:11 21-Dec-2014</time_stamp>
</DocumentElement>
