<?xml version="1.0"?>
<DocumentElement>
    <summary>
        <district_no>17</district_no>
        <polling_division_no>E</polling_division_no>
        <valid_votes>84,999</valid_votes>
        <valid_votes_percent>99.24%</valid_votes_percent>
        <rejected>650</rejected>
        <rejected_percent>0.76%</rejected_percent>
        <total_polled>85,649</total_polled>
        <total_polled_percent>74.30%</total_polled_percent>
        <registered_voters>115,275</registered_voters>
    </summary>
    <time_stamp xmlName="11AS.xml">10:58:11 21-Dec-2014</time_stamp>
</DocumentElement>

