<?xml version="1.0"?>
<DocumentElement>
    <summary>
        <district_no>17</district_no>
        <polling_division_no>F</polling_division_no>
        <valid_votes>42,429</valid_votes>
        <valid_votes_percent>99.16%</valid_votes_percent>
        <rejected>358</rejected>
        <rejected_percent>0.84%</rejected_percent>
        <total_polled>42,787</total_polled>
        <total_polled_percent>72.35%</total_polled_percent>
        <registered_voters>59,137</registered_voters>
    </summary>
    <time_stamp xmlName="11AS.xml">10:58:11 21-Dec-2014</time_stamp>
</DocumentElement>
