<?xml version="1.0"?>
<DocumentElement>
    <summary>
        <district_no>17</district_no>
        <polling_division_no>G</polling_division_no>
        <valid_votes>53,491</valid_votes>
        <valid_votes_percent>99.27%</valid_votes_percent>
        <rejected>396</rejected>
        <rejected_percent>0.73%</rejected_percent>
        <total_polled>53,887</total_polled>
        <total_polled_percent>72.93%</total_polled_percent>
        <registered_voters>73,885</registered_voters>
    </summary>
    <time_stamp xmlName="11AS.xml">10:58:11 21-Dec-2014</time_stamp>
</DocumentElement>
