<?xml version="1.0"?>
<DocumentElement>
    <summary>
        <district_no>18</district_no>
        <polling_division_no>A</polling_division_no>
        <valid_votes>56,990</valid_votes>
        <valid_votes_percent>99.39%</valid_votes_percent>
        <rejected>350</rejected>
        <rejected_percent>0.61%</rejected_percent>
        <total_polled>57,340</total_polled>
        <total_polled_percent>74.39%</total_polled_percent>
        <registered_voters>77,084</registered_voters>
    </summary>
    <time_stamp xmlName="11AS.xml">10:58:11 21-Dec-2014</time_stamp>
</DocumentElement>

