<?xml version="1.0"?>
<DocumentElement>
    <summary>
        <district_no>18</district_no>
        <polling_division_no>B</polling_division_no>
        <valid_votes>54,302</valid_votes>
        <valid_votes_percent>99.49%</valid_votes_percent>
        <rejected>281</rejected>
        <rejected_percent>0.51%</rejected_percent>
        <total_polled>54,583</total_polled>
        <total_polled_percent>75.39%</total_polled_percent>
        <registered_voters>72,402</registered_voters>
    </summary>
    <time_stamp xmlName="11AS.xml">10:58:11 21-Dec-2014</time_stamp>
</DocumentElement>
