<?xml version="1.0"?>
<DocumentElement>
    <summary>
        <district_no>18</district_no>
        <polling_division_no>C</polling_division_no>
        <valid_votes>97,768</valid_votes>
        <valid_votes_percent>99.28%</valid_votes_percent>
        <rejected>710</rejected>
        <rejected_percent>0.72%</rejected_percent>
        <total_polled>98,478</total_polled>
        <total_polled_percent>75.26%</total_polled_percent>
        <registered_voters>130,851</registered_voters>
    </summary>
    <time_stamp xmlName="11AS.xml">10:58:11 21-Dec-2014</time_stamp>
</DocumentElement>

