<?xml version="1.0"?>
<DocumentElement>
    <summary>
        <district_no>19</district_no>
        <polling_division_no>A</polling_division_no>
        <valid_votes>63,863</valid_votes>
        <valid_votes_percent>99.24%</valid_votes_percent>
        <rejected>491</rejected>
        <rejected_percent>0.76%</rejected_percent>
        <total_polled>64,354</total_polled>
        <total_polled_percent>75.21%</total_polled_percent>
        <registered_voters>85,562</registered_voters>
    </summary>
    <time_stamp xmlName="11AS.xml">10:58:11 21-Dec-2014</time_stamp>
</DocumentElement>
