<?xml version="1.0"?>
<DocumentElement>
    <summary>
        <district_no>19</district_no>
        <polling_division_no>B</polling_division_no>
        <valid_votes>34,267</valid_votes>
        <valid_votes_percent>96.98%</valid_votes_percent>
        <rejected>1,068</rejected>
        <rejected_percent>3.02%</rejected_percent>
        <total_polled>35,335</total_polled>
        <total_polled_percent>73.26%</total_polled_percent>
        <registered_voters>48,231</registered_voters>
    </summary>
    <time_stamp xmlName="11AS.xml">10:58:11 21-Dec-2014</time_stamp>
</DocumentElement>
