<?xml version="1.0"?>
<DocumentElement>
    <summary>
        <district_no>19</district_no>
        <polling_division_no>C</polling_division_no>
        <valid_votes>42,531</valid_votes>
        <valid_votes_percent>98.34%</valid_votes_percent>
        <rejected>716</rejected>
        <rejected_percent>1.66%</rejected_percent>
        <total_polled>43,247</total_polled>
        <total_polled_percent>72.08%</total_polled_percent>
        <registered_voters>60,002</registered_voters>
    </summary>
    <time_stamp xmlName="11AS.xml">10:58:11 21-Dec-2014</time_stamp>
</DocumentElement>

