<?xml version="1.0"?>
<DocumentElement>
    <summary>
        <district_no>19</district_no>
        <polling_division_no>D</polling_division_no>
        <valid_votes>38,392</valid_votes>
        <valid_votes_percent>98.86%</valid_votes_percent>
        <rejected>441</rejected>
        <rejected_percent>1.14%</rejected_percent>
        <total_polled>38,833</total_polled>
        <total_polled_percent>75.45%</total_polled_percent>
        <registered_voters>51,468</registered_voters>
    </summary>
    <time_stamp xmlName="11AS.xml">10:58:11 21-Dec-2014</time_stamp>
</DocumentElement>
