<?xml version="1.0"?>
<DocumentElement>
    <summary>
        <district_no>19</district_no>
        <polling_division_no>E</polling_division_no>
        <valid_votes>46,906</valid_votes>
        <valid_votes_percent>98.60%</valid_votes_percent>
        <rejected>665</rejected>
        <rejected_percent>1.40%</rejected_percent>
        <total_polled>47,571</total_polled>
        <total_polled_percent>75.36%</total_polled_percent>
        <registered_voters>63,124</registered_voters>
    </summary>
    <time_stamp xmlName="11AS.xml">10:58:11 21-Dec-2014</time_stamp>
</DocumentElement>
