<?xml version="1.0"?>
<DocumentElement>
    <summary>
        <district_no>19</district_no>
        <polling_division_no>F</polling_division_no>
        <valid_votes>44,459</valid_votes>
        <valid_votes_percent>99.05%</valid_votes_percent>
        <rejected>425</rejected>
        <rejected_percent>0.95%</rejected_percent>
        <total_polled>44,884</total_polled>
        <total_polled_percent>75.47%</total_polled_percent>
        <registered_voters>59,472</registered_voters>
    </summary>
    <time_stamp xmlName="11AS.xml">10:58:11 21-Dec-2014</time_stamp>
</DocumentElement>
