<?xml version="1.0"?>
<DocumentElement>
    <summary>
        <district_no>19</district_no>
        <polling_division_no>G</polling_division_no>
        <valid_votes>51,232</valid_votes>
        <valid_votes_percent>99.02%</valid_votes_percent>
        <rejected>509</rejected>
        <rejected_percent>0.98%</rejected_percent>
        <total_polled>51,741</total_polled>
        <total_polled_percent>75.06%</total_polled_percent>
        <registered_voters>68,937</registered_voters>
    </summary>
    <time_stamp xmlName="11AS.xml">10:58:11 21-Dec-2014</time_stamp>
</DocumentElement>
