<?xml version="1.0"?>
<DocumentElement>
    <summary>
        <district_no>19</district_no>
        <polling_division_no>H</polling_division_no>
        <valid_votes>57,311</valid_votes>
        <valid_votes_percent>98.73%</valid_votes_percent>
        <rejected>735</rejected>
        <rejected_percent>1.27%</rejected_percent>
        <total_polled>58,046</total_polled>
        <total_polled_percent>75.08%</total_polled_percent>
        <registered_voters>77,312</registered_voters>
    </summary>
    <time_stamp xmlName="11AS.xml">10:58:11 21-Dec-2014</time_stamp>
</DocumentElement>

