<?xml version="1.0"?>
<DocumentElement>
    <summary>
        <district_no>19</district_no>
        <polling_division_no>I</polling_division_no>
        <valid_votes>44,159</valid_votes>
        <valid_votes_percent>98.15%</valid_votes_percent>
        <rejected>831</rejected>
        <rejected_percent>1.85%</rejected_percent>
        <total_polled>44,990</total_polled>
        <total_polled_percent>74.11%</total_polled_percent>
        <registered_voters>60,706</registered_voters>
    </summary>
    <time_stamp xmlName="11AS.xml">10:58:11 21-Dec-2014</time_stamp>
</DocumentElement>
