<?xml version="1.0"?>
<DocumentElement>
    <summary>
        <district_no>20</district_no>
        <polling_division_no>A</polling_division_no>
        <valid_votes>51,357</valid_votes>
        <valid_votes_percent>98.95%</valid_votes_percent>
        <rejected>544</rejected>
        <rejected_percent>1.05%</rejected_percent>
        <total_polled>51,901</total_polled>
        <total_polled_percent>69.49%</total_polled_percent>
        <registered_voters>74,692</registered_voters>
    </summary>
    <time_stamp xmlName="11AS.xml">10:58:11 21-Dec-2014</time_stamp>
</DocumentElement>
