<?xml version="1.0"?>
<DocumentElement>
    <summary>
        <district_no>20</district_no>
        <polling_division_no>B</polling_division_no>
        <valid_votes>68,096</valid_votes>
        <valid_votes_percent>98.92%</valid_votes_percent>
        <rejected>743</rejected>
        <rejected_percent>1.08%</rejected_percent>
        <total_polled>68,839</total_polled>
        <total_polled_percent>71.42%</total_polled_percent>
        <registered_voters>96,386</registered_voters>
    </summary>
    <time_stamp xmlName="11AS.xml">10:58:11 21-Dec-2014</time_stamp>
</DocumentElement>

