<?xml version="1.0"?>
<DocumentElement>
    <summary>
        <district_no>20</district_no>
        <polling_division_no>C</polling_division_no>
        <valid_votes>97,414</valid_votes>
        <valid_votes_percent>99.20%</valid_votes_percent>
        <rejected>790</rejected>
        <rejected_percent>0.80%</rejected_percent>
        <total_polled>98,204</total_polled>
        <total_polled_percent>75.80%</total_polled_percent>
        <registered_voters>129,564</registered_voters>
    </summary>
    <time_stamp xmlName="11AS.xml">10:58:11 21-Dec-2014</time_stamp>
</DocumentElement>

