<?xml version="1.0"?>
<DocumentElement>
    <summary>
        <district_no>21</district_no>
        <polling_division_no>A</polling_division_no>
        <valid_votes>69,575</valid_votes>
        <valid_votes_percent>99.41%</valid_votes_percent>
        <rejected>416</rejected>
        <rejected_percent>0.59%</rejected_percent>
        <total_polled>69,991</total_polled>
        <total_polled_percent>78.19%</total_polled_percent>
        <registered_voters>89,518</registered_voters>
    </summary>
    <time_stamp xmlName="11AS.xml">10:58:11 21-Dec-2014</time_stamp>
</DocumentElement>

