<?xml version="1.0"?>
<DocumentElement>
    <summary>
        <district_no>21</district_no>
        <polling_division_no>B</polling_division_no>
        <valid_votes>86,356</valid_votes>
        <valid_votes_percent>99.34%</valid_votes_percent>
        <rejected>575</rejected>
        <rejected_percent>0.66%</rejected_percent>
        <total_polled>86,931</total_polled>
        <total_polled_percent>80.40%</total_polled_percent>
        <registered_voters>108,122</registered_voters>
    </summary>
    <time_stamp xmlName="11AS.xml">10:58:11 21-Dec-2014</time_stamp>
</DocumentElement>
