<?xml version="1.0"?>
<DocumentElement>
    <summary>
        <district_no>21</district_no>
        <polling_division_no>C</polling_division_no>
        <valid_votes>60,319</valid_votes>
        <valid_votes_percent>98.99%</valid_votes_percent>
        <rejected>617</rejected>
        <rejected_percent>1.01%</rejected_percent>
        <total_polled>60,936</total_polled>
        <total_polled_percent>80.51%</total_polled_percent>
        <registered_voters>75,685</registered_voters>
    </summary>
    <time_stamp xmlName="11AS.xml">10:58:11 21-Dec-2014</time_stamp>
</DocumentElement>


