<?xml version="1.0"?>
<DocumentElement>
    <summary>
        <district_no>21</district_no>
        <polling_division_no>D</polling_division_no>
        <valid_votes>76,490</valid_votes>
        <valid_votes_percent>99.24%</valid_votes_percent>
        <rejected>589</rejected>
        <rejected_percent>0.76%</rejected_percent>
        <total_polled>77,079</total_polled>
        <total_polled_percent>79.58%</total_polled_percent>
        <registered_voters>96,855</registered_voters>
    </summary>
    <time_stamp xmlName="11AS.xml">10:58:11 21-Dec-2014</time_stamp>
</DocumentElement>
