<?xml version="1.0"?>
<DocumentElement>
    <summary>
        <district_no>21</district_no>
        <polling_division_no>E</polling_division_no>
        <valid_votes>72,344</valid_votes>
        <valid_votes_percent>99.23%</valid_votes_percent>
        <rejected>562</rejected>
        <rejected_percent>0.77%</rejected_percent>
        <total_polled>72,906</total_polled>
        <total_polled_percent>78.49%</total_polled_percent>
        <registered_voters>92,891</registered_voters>
    </summary>
    <time_stamp xmlName="11AS.xml">10:58:11 21-Dec-2014</time_stamp>
</DocumentElement>
