<?xml version="1.0"?>
<DocumentElement>
    <summary>
        <district_no>21</district_no>
        <polling_division_no>F</polling_division_no>
        <valid_votes>69,292</valid_votes>
        <valid_votes_percent>99.18%</valid_votes_percent>
        <rejected>574</rejected>
        <rejected_percent>0.82%</rejected_percent>
        <total_polled>69,866</total_polled>
        <total_polled_percent>80.33%</total_polled_percent>
        <registered_voters>86,973</registered_voters>
    </summary>
    <time_stamp xmlName="11AS.xml">10:58:11 21-Dec-2014</time_stamp>
</DocumentElement>
