<?xml version="1.0"?>
<DocumentElement>
    <summary>
        <district_no>21</district_no>
        <polling_division_no>G</polling_division_no>
        <valid_votes>46,476</valid_votes>
        <valid_votes_percent>99.41%</valid_votes_percent>
        <rejected>278</rejected>
        <rejected_percent>0.59%</rejected_percent>
        <total_polled>46,754</total_polled>
        <total_polled_percent>81.69%</total_polled_percent>
        <registered_voters>57,232</registered_voters>
    </summary>
    <time_stamp xmlName="11AS.xml">10:58:11 21-Dec-2014</time_stamp>
</DocumentElement>

