<?xml version="1.0"?>
<DocumentElement>
    <summary>
        <district_no>21</district_no>
        <polling_division_no>H</polling_division_no>
        <valid_votes>97,932</valid_votes>
        <valid_votes_percent>99.28%</valid_votes_percent>
        <rejected>708</rejected>
        <rejected_percent>0.72%</rejected_percent>
        <total_polled>98,640</total_polled>
        <total_polled_percent>77.44%</total_polled_percent>
        <registered_voters>127,375</registered_voters>
    </summary>
    <time_stamp xmlName="11AS.xml">10:58:11 21-Dec-2014</time_stamp>
</DocumentElement>


