<?xml version="1.0"?>
<DocumentElement>
    <summary>
        <district_no>22</district_no>
        <polling_division_no>A</polling_division_no>
        <valid_votes>63,738</valid_votes>
        <valid_votes_percent>999.40%</valid_votes_percent>
        <rejected>383</rejected>
        <rejected_percent>0.60%</rejected_percent>
        <total_polled>64,121</total_polled>
        <total_polled_percent>76.74%</total_polled_percent>
        <registered_voters>83,554</registered_voters>
    </summary>
    <time_stamp xmlName="11AS.xml">10:58:11 21-Dec-2014</time_stamp>
</DocumentElement>

