<?xml version="1.0"?>
<DocumentElement>
    <summary>
        <district_no>22</district_no>
        <polling_division_no>B</polling_division_no>
        <valid_votes>47,946</valid_votes>
        <valid_votes_percent>99.32%</valid_votes_percent>
        <rejected>330</rejected>
        <rejected_percent>0.68%</rejected_percent>
        <total_polled>48,276</total_polled>
        <total_polled_percent>74.77%</total_polled_percent>
        <registered_voters>64,565</registered_voters>
    </summary>
    <time_stamp xmlName="11AS.xml">10:58:11 21-Dec-2014</time_stamp>
</DocumentElement>

