<?xml version="1.0"?>
<DocumentElement>
    <summary>
        <district_no>22</district_no>
        <polling_division_no>C</polling_division_no>
        <valid_votes>49,674</valid_votes>
        <valid_votes_percent>99.26%</valid_votes_percent>
        <rejected>372</rejected>
        <rejected_percent>0.74%</rejected_percent>
        <total_polled>50,046</total_polled>
        <total_polled_percent>74.56%</total_polled_percent>
        <registered_voters>67,118</registered_voters>
    </summary>
    <time_stamp xmlName="11AS.xml">10:58:11 21-Dec-2014</time_stamp>
</DocumentElement>

