<?xml version="1.0"?>
<DocumentElement>
    <summary>
        <district_no>22</district_no>
        <polling_division_no>D</polling_division_no>
        <valid_votes>46,517</valid_votes>
        <valid_votes_percent>99.26%</valid_votes_percent>
        <rejected>346</rejected>
        <rejected_percent>0.74%</rejected_percent>
        <total_polled>46,863</total_polled>
        <total_polled_percent>75.19%</total_polled_percent>
        <registered_voters>62,325</registered_voters>
    </summary>
    <time_stamp xmlName="11AS.xml">10:58:11 21-Dec-2014</time_stamp>
</DocumentElement>

