<?xml version="1.0"?>
<DocumentElement>
    <summary>
        <district_no>22</district_no>
        <polling_division_no>F</polling_division_no>
        <valid_votes>37,543</valid_votes>
        <valid_votes_percent>99.29%</valid_votes_percent>
        <rejected>268</rejected>
        <rejected_percent>0.71%</rejected_percent>
        <total_polled>37,811</total_polled>
        <total_polled_percent>73.58%</total_polled_percent>
        <registered_voters>51,391</registered_voters>
    </summary>
    <time_stamp xmlName="11AS.xml">10:58:11 21-Dec-2014</time_stamp>
</DocumentElement>

