<?xml version="1.0"?>
<DocumentElement>
    <summary>
        <district_no>22</district_no>
        <polling_division_no>G</polling_division_no>
        <valid_votes>53,090</valid_votes>
        <valid_votes_percent>99.19%</valid_votes_percent>
        <rejected>431</rejected>
        <rejected_percent>0.81%</rejected_percent>
        <total_polled>53,521</total_polled>
        <total_polled_percent>76.50%</total_polled_percent>
        <registered_voters>69,964</registered_voters>
    </summary>
    <time_stamp xmlName="11AS.xml">10:58:11 21-Dec-2014</time_stamp>
</DocumentElement>

