<?xml version="1.0"?>
<DocumentElement>
    <summary>
        <district_no>22</district_no>
        <polling_division_no>H</polling_division_no>
        <valid_votes>53,764</valid_votes>
        <valid_votes_percent>99.16%</valid_votes_percent>
        <rejected>458</rejected>
        <rejected_percent>0.84%</rejected_percent>
        <total_polled>54,222</total_polled>
        <total_polled_percent>76.97%</total_polled_percent>
        <registered_voters>70,448</registered_voters>
    </summary>
    <time_stamp xmlName="11AS.xml">10:58:11 21-Dec-2014</time_stamp>
</DocumentElement>

