<?xml version="1.0"?>
<DocumentElement>
    <summary>
        <district_no>01</district_no>
        <valid_votes>1,161,382</valid_votes>
        <valid_votes_percent>99.03%</valid_votes_percent>
        <rejected>11,394</rejected>
        <rejected_percent>0.97%</rejected_percent>
        <total_polled>1,172,776</total_polled>
        <total_polled_percent>77.06%</total_polled_percent>
        <registered_voters>1,521,854</registered_voters>
    </summary>
    <time_stamp xmlName="11ZS.xml">11:54:14 21-Dec-2014</time_stamp>
</DocumentElement>
