<?xml version="1.0"?>
<DocumentElement>
    <summary>
        <district_no>02</district_no>
        <valid_votes>1,165,648</valid_votes>
        <valid_votes_percent>99.24%</valid_votes_percent>
        <rejected>8,960</rejected>
        <rejected_percent>0.76%</rejected_percent>
        <total_polled>1,174,608</total_polled>
        <total_polled_percent>79.66%</total_polled_percent>
        <registered_voters>1,474,464</registered_voters>
    </summary>
    <time_stamp xmlName="11ZS.xml">11:54:14 21-Dec-2014</time_stamp>
</DocumentElement>

