<?xml version="1.0"?>
<DocumentElement>
    <summary>
        <district_no>03</district_no>
        <valid_votes>654,249</valid_votes>
        <valid_votes_percent>99.31%</valid_votes_percent>
        <rejected>4,541</rejected>
        <rejected_percent>0.69%</rejected_percent>
        <total_polled>658,790</total_polled>
        <total_polled_percent>81.01%</total_polled_percent>
        <registered_voters>813,233</registered_voters>
    </summary>
    <time_stamp xmlName="11ZS.xml">11:54:14 21-Dec-2014</time_stamp>
</DocumentElement>

