<?xml version="1.0"?>
<DocumentElement>
    <summary>
        <district_no>04</district_no>
        <valid_votes>750,786</valid_votes>
        <valid_votes_percent>98.85%</valid_votes_percent>
        <rejected>8,700</rejected>
        <rejected_percent>1.15%</rejected_percent>
        <total_polled>759,486</total_polled>
        <total_polled_percent>78.26%</total_polled_percent>
        <registered_voters>970,456</registered_voters>
    </summary>
    <time_stamp xmlName="11ZS.xml">11:54:14 21-Dec-2014</time_stamp>
</DocumentElement>

