<?xml version="1.0"?>
<DocumentElement>
    <summary>
        <district_no>05</district_no>
        <valid_votes>264,419</valid_votes>
        <valid_votes_percent>99.00%</valid_votes_percent>
        <rejected>2,666</rejected>
        <rejected_percent>1.00%</rejected_percent>
        <total_polled>267,085</total_polled>
        <total_polled_percent>77.94%</total_polled_percent>
        <registered_voters>342,684</registered_voters>
    </summary>
    <time_stamp xmlName="11ZS.xml">11:54:14 21-Dec-2014</time_stamp>
</DocumentElement>

