<?xml version="1.0"?>
<DocumentElement>
    <summary>
        <district_no>06</district_no>
        <valid_votes>346,382</valid_votes>
        <valid_votes_percent>98.17%</valid_votes_percent>
        <rejected>6,462</rejected>
        <rejected_percent>1.83%</rejected_percent>
        <total_polled>352,844</total_polled>
        <total_polled_percent>77.19%</total_polled_percent>
        <registered_voters>457,137</registered_voters>
    </summary>
    <time_stamp xmlName="11ZS.xml">11:54:14 21-Dec-2014</time_stamp>
</DocumentElement>

