<?xml version="1.0"?>
<DocumentElement>
    <summary>
        <district_no>07</district_no>
        <valid_votes>607,621</valid_votes>
        <valid_votes_percent>99.38%</valid_votes_percent>
        <rejected>3,765</rejected>
        <rejected_percent>0.62%</rejected_percent>
        <total_polled>611,386</total_polled>
        <total_polled_percent>80.25%</total_polled_percent>
        <registered_voters>761,815</registered_voters>
    </summary>
    <time_stamp xmlName="11ZS.xml">11:54:14 21-Dec-2014</time_stamp>
</DocumentElement>
