<?xml version="1.0"?>
<DocumentElement>
    <summary>
        <district_no>08</district_no>
        <valid_votes>451,929</valid_votes>
        <valid_votes_percent>99.34%</valid_votes_percent>
        <rejected>3,025</rejected>
        <rejected_percent>0.66%</rejected_percent>
        <total_polled>454,954</total_polled>
        <total_polled_percent>78.60%</total_polled_percent>
        <registered_voters>578,858</registered_voters>
    </summary>
    <time_stamp xmlName="11ZS.xml">11:54:14 21-Dec-2014</time_stamp>
</DocumentElement>

