<?xml version="1.0"?>
<DocumentElement>
    <summary>
        <district_no>09</district_no>
        <valid_votes>337,564</valid_votes>
        <valid_votes_percent>99.35%</valid_votes_percent>
        <rejected>2,218</rejected>
        <rejected_percent>0.65%</rejected_percent>
        <total_polled>339,782</total_polled>
        <total_polled_percent>80.67%</total_polled_percent>
        <registered_voters>421,186</registered_voters>
    </summary>
    <time_stamp xmlName="11ZS.xml">11:54:14 21-Dec-2014</time_stamp>
</DocumentElement>

