<?xml version="1.0"?>
<DocumentElement>
    <summary>
        <district_no>10</district_no>
        <valid_votes>178,369</valid_votes>
        <valid_votes_percent>96.35%</valid_votes_percent>
        <rejected>6,763</rejected>
        <rejected_percent>3.65%</rejected_percent>
        <total_polled>185,132</total_polled>
        <total_polled_percent>25.66%</total_polled_percent>
        <registered_voters>721,359</registered_voters>
    </summary>
    <time_stamp xmlName="11ZS.xml">11:54:14 21-Dec-2014</time_stamp>
</DocumentElement>

