<?xml version="1.0"?>
<DocumentElement>
    <summary>
        <district_no>11</district_no>
        <valid_votes>105,252</valid_votes>
        <valid_votes_percent>97.75%</valid_votes_percent>
        <rejected>2,428</rejected>
        <rejected_percent>2.25%</rejected_percent>
        <total_polled>107,680</total_polled>
        <total_polled_percent>40.33%</total_polled_percent>
        <registered_voters>266,975</registered_voters>
    </summary>
    <time_stamp xmlName="11ZS.xml">11:54:14 21-Dec-2014</time_stamp>
</DocumentElement>
