<?xml version="1.0"?>
<DocumentElement>
    <summary>
        <district_no>12</district_no>
        <valid_votes>211,891</valid_votes>
        <valid_votes_percent>97.97%</valid_votes_percent>
        <rejected>4,396</rejected>
        <rejected_percent>2.03%</rejected_percent>
        <total_polled>216,287</total_polled>
        <total_polled_percent>64.83%</total_polled_percent>
        <registered_voters>333,644</registered_voters>
    </summary>
    <time_stamp xmlName="11ZS.xml">11:54:14 21-Dec-2014</time_stamp>
</DocumentElement>


