<?xml version="1.0"?>
<DocumentElement>
    <summary>
        <district_no>13</district_no>
        <valid_votes>306,562</valid_votes>
        <valid_votes_percent>99.06%</valid_votes_percent>
        <rejected>2,912</rejected>
        <rejected_percent>0.94%</rejected_percent>
        <total_polled>309,474</total_polled>
        <total_polled_percent>73.54%</total_polled_percent>
        <registered_voters>420,835</registered_voters>
    </summary>
    <time_stamp xmlName="11ZS.xml">11:54:14 21-Dec-2014</time_stamp>
</DocumentElement>

