<?xml version="1.0"?>
<DocumentElement>
    <summary>
        <district_no>14</district_no>
        <valid_votes>162,072</valid_votes>
        <valid_votes_percent>98.52%</valid_votes_percent>
        <rejected>2,432</rejected>
        <rejected_percent>1.48%</rejected_percent>
        <total_polled>164,504</total_polled>
        <total_polled_percent>68.22%</total_polled_percent>
        <registered_voters>241,133</registered_voters>
    </summary>
    <time_stamp xmlName="11ZS.xml">11:54:14 21-Dec-2014</time_stamp>
</DocumentElement>

