<?xml version="1.0"?>
<DocumentElement>
    <summary>
        <district_no>15</district_no>
        <valid_votes>923,893</valid_votes>
        <valid_votes_percent>99.29%</valid_votes_percent>
        <rejected>6,644</rejected>
        <rejected_percent>0.71%</rejected_percent>
        <total_polled>930,537</total_polled>
        <total_polled_percent>78.62%</total_polled_percent>
        <registered_voters>1,183,649</registered_voters>
    </summary>
    <time_stamp xmlName="11ZS.xml">11:54:14 21-Dec-2014</time_stamp>
</DocumentElement>

