<?xml version="1.0"?>
<DocumentElement>
    <summary>
        <district_no>16</district_no>
        <valid_votes>344,113</valid_votes>
        <valid_votes_percent>99.17%</valid_votes_percent>
        <rejected>2,886</rejected>
        <rejected_percent>0.83%</rejected_percent>
        <total_polled>346,999</total_polled>
        <total_polled_percent>70.02%</total_polled_percent>
        <registered_voters>495,575</registered_voters>
    </summary>
    <time_stamp xmlName="11ZS.xml">11:54:14 21-Dec-2014</time_stamp>
</DocumentElement>

