<?xml version="1.0"?>
<DocumentElement>
    <summary>
        <district_no>17</district_no>
        <valid_votes>450,038</valid_votes>
        <valid_votes_percent>99.17%</valid_votes_percent>
        <rejected>3,785</rejected>
        <rejected_percent>0.83%</rejected_percent>
        <total_polled>453,823</total_polled>
        <total_polled_percent>78.35%</total_polled_percent>
        <registered_voters>579,261</registered_voters>
    </summary>
    <time_stamp xmlName="11ZS.xml">11:54:14 21-Dec-2014</time_stamp>
</DocumentElement>

