<?xml version="1.0"?>
<DocumentElement>
    <summary>
        <district_no>18</district_no>
        <valid_votes>223,175</valid_votes>
        <valid_votes_percent>99.34%</valid_votes_percent>
        <rejected>1,472</rejected>
        <rejected_percent>0.66%</rejected_percent>
        <total_polled>224,647</total_polled>
        <total_polled_percent>80.13%</total_polled_percent>
        <registered_voters>280,337</registered_voters>
    </summary>
    <time_stamp xmlName="11ZS.xml">11:54:14 21-Dec-2014</time_stamp>
</DocumentElement>
