<?xml version="1.0"?>
<DocumentElement>
    <summary>
        <district_no>19</district_no>
        <valid_votes>446,294</valid_votes>
        <valid_votes_percent>98.66%</valid_votes_percent>
        <rejected>6,083</rejected>
        <rejected_percent>1.34%</rejected_percent>
        <total_polled>452,377</total_polled>
        <total_polled_percent>78.70%</total_polled_percent>
        <registered_voters>574,814</registered_voters>
    </summary>
    <time_stamp xmlName="11ZS.xml">11:54:14 21-Dec-2014</time_stamp>
</DocumentElement>

