<?xml version="1.0"?>
<DocumentElement>
    <summary>
        <district_no>20</district_no>
        <valid_votes>229,584</valid_votes>
        <valid_votes_percent>99.02%</valid_votes_percent>
        <rejected>2,272</rejected>
        <rejected_percent>0.98%</rejected_percent>
        <total_polled>231,856</total_polled>
        <total_polled_percent>77.12%</total_polled_percent>
        <registered_voters>300,642</registered_voters>
    </summary>
    <time_stamp xmlName="11ZS.xml">11:54:14 21-Dec-2014</time_stamp>
</DocumentElement>

