<?xml version="1.0"?>
<DocumentElement>
    <summary>
        <district_no>21</district_no>
        <valid_votes>592,426</valid_votes>
        <valid_votes_percent>99.26%</valid_votes_percent>
        <rejected>4,430</rejected>
        <rejected_percent>0.74%</rejected_percent>
        <total_polled>596,856</total_polled>
        <total_polled_percent>81.24%</total_polled_percent>
        <registered_voters>734,651</registered_voters>
    </summary>
    <time_stamp xmlName="11ZS.xml">11:54:14 21-Dec-2014</time_stamp>
</DocumentElement>
