<?xml version="1.0"?>
<DocumentElement>
    <summary>
        <district_no>22</district_no>
        <valid_votes>479,964</valid_votes>
        <valid_votes_percent>99.25%</valid_votes_percent>
        <rejected>3,604</rejected>
        <rejected_percent>0.75%</rejected_percent>
        <total_polled>483,568</total_polled>
        <total_polled_percent>78.76%</total_polled_percent>
        <registered_voters>613,938</registered_voters>
    </summary>
    <time_stamp xmlName="11ZS.xml">11:54:14 21-Dec-2014</time_stamp>
</DocumentElement>


