<?xml version="1.0" encoding="UTF-8"?>
<lae2018>
	<district>
		<districtId>01</districtId>
		<districtName>01</districtName>
		<localAuthority>
			<localAuthorityId>03</localAuthorityId>
			<localAuthorityName>abc</localAuthorityName>
			<party> <!-- this part will be repeated for all registered parties -->
				<partyId>38</partyId>
				<partyName>sdf</partyName>
				<partySymbol>rest</partySymbol>
				<polledVotes>90000</polledVotes>
				<members>
					<elected>9</elected>
					<calculated>2</calculated>
				</members>
			</party>
				<party> <!-- this part will be repeated for all registered parties -->
				<partyId>18</partyId>
				<partyName>sdf</partyName>
				<partySymbol>rest</partySymbol>
				<polledVotes>20000</polledVotes>
				<members>
					<elected>2</elected>
					<calculated>12</calculated>
				</members>
			</party>
				<party> <!-- this part will be repeated for all registered parties -->
				<partyId>7</partyId>
				<partyName>sdf</partyName>
				<partySymbol>rest</partySymbol>
				<polledVotes>80000</polledVotes>
				<members>
					<elected>5</elected>
					<calculated>3</calculated>
				</members>
			</party>
				<party> <!-- this part will be repeated for all registered parties -->
				<partyId>9</partyId>
				<partyName>sdf</partyName>
				<partySymbol>rest</partySymbol>
				<polledVotes>78000</polledVotes>
				<members>
					<elected>3</elected>
					<calculated>1</calculated>
				</members>
			</party>
				<party> <!-- this part will be repeated for all registered parties -->
				<partyId>12</partyId>
				<partyName>sdf</partyName>
				<partySymbol>rest</partySymbol>
				<polledVotes>6000</polledVotes>
				<members>
					<elected>1</elected>
					<calculated>1</calculated>
				</members>
			</party>
			<summary>
				<totalMembers>56</totalMembers>
				<totalValidVotes>789</totalValidVotes>
				<rejectedVotes>145663221</rejectedVotes>
				<polledVotes>44566</polledVotes>
				<totalRegisteredVotes>4566</totalRegisteredVotes>
			</summary>
		</localAuthority>
	</district>
	<releasedTime>456789</releasedTime>
</lae2018>