<?xml version="1.0"?>
<DocumentElement>
    <district_no>12</district_no>
    <polling_division_no>P</polling_division_no>
    <party>
        <acronym>IND1</acronym>
        <votes>0</votes>
        <percentage>0%</percentage>
    </party>
    <party>
        <acronym>UPF</acronym>
        <votes>0</votes>
        <percentage>0%</percentage>
    </party>
    <party>
        <acronym>DNM</acronym>
        <votes>0</votes>
        <percentage>0%</percentage>
    </party>
    <party>
        <acronym>SLNF</acronym>
        <votes>0</votes>
        <percentage>0.00%</percentage>
    </party>
    <party>
        <acronym>USP</acronym>
        <votes>0</votes>
        <percentage>0.00%</percentage>
    </party>
    <party>
        <acronym>OWORS</acronym>
        <votes>0</votes>
        <percentage>0.00%</percentage>
    </party>
    <party>
        <acronym>SEP</acronym>
        <votes>0</votes>
        <percentage>0.00%</percentage>
    </party>
    <party>
        <acronym>FSP</acronym>
        <votes>0</votes>
        <percentage>0.00%</percentage>
    </party>
    <party>
        <acronym>SLLP</acronym>
        <votes>0</votes>
        <percentage>0.00%</percentage>
    </party>
    <party>
        <acronym>NDF</acronym>
        <votes>146,057</votes>
        <percentage>68.93%</percentage>
    </party>
    <party>
        <acronym>ELPP</acronym>
        <votes>0</votes>
        <percentage>0.00%</percentage>
    </party>
    <party>
        <acronym>IND2</acronym>
        <votes>0</votes>
        <percentage>0.00%</percentage>
    </party>
    <party>
        <acronym>JSP</acronym>
        <votes>0</votes>
        <percentage>0.00%</percentage>
    </party>
    <party>
        <acronym>NSU</acronym>
        <votes>0</votes>
        <percentage>0.00%</percentage>
    </party>
    <party>
        <acronym>PNF</acronym>
        <votes>0</votes>
        <percentage>0.00%</percentage>
    </party>
    <party>
        <acronym>UPFA</acronym>
        <votes>55,663</votes>
        <percentage>26.27%</percentage>
    </party>
    <party>
        <acronym>ONF</acronym>
        <votes>0</votes>
        <percentage>0.00%</percentage>
    </party>
    <party>
        <acronym>NSSP</acronym>
        <votes>0</votes>
        <percentage>0.00%</percentage>
    </party>
    <party>
        <acronym>ELMSP</acronym>
        <votes>0</votes>
        <percentage>0.00%</percentage>
    </party>
    <time_stamp xmlName="11PV.xml">11:52:36 21-Dec-2014</time_stamp>
</DocumentElement>