<?xml version="1.0" encoding="ISO-8859-1"?>
<lae2018>
<!-- List of Local Authorities grouped by Districts -->
	<district>
		<districtId>01</districtId>
		<districtName>Colombo</districtName>
		<la>
			<laId>01</laId>
			<laName>Colombo Municipal Council</laName>	
		</la>
		<la>
			<laId>02</laId>
			<laName>Dehiwala - Mt.Lavinia Municipal Council</laName>	
		</la>
		<la>
			<laId>03</laId>
			<laName>Sri Jayawardenepura Kotte Municipal Council</laName>	
		</la>
		<la>
			<laId>04</laId>
			<laName>Kaduwela Municipal Council</laName>	
		</la>
		<la>
			<laId>05</laId>
			<laName>Moratuwa Municipal Council</laName>	
		</la>
		<la>
			<laId>06</laId>
			<laName>Kolonnawa Urban Council</laName>	
		</la>
		<la>
			<laId>07</laId>
			<laName>Seethawakapura Urban Council</laName>	
		</la>
		<la>
			<laId>08</laId>
			<laName>Maharagama Urban Council</laName>	
		</la>
		<la>
			<laId>09</laId>
			<laName>Kesbewa Urban Council</laName>	
		</la>
		<la>
			<laId>10</laId>
			<laName>Boralesgamuwa Urban Council</laName>	
		</la>
		<la>
			<laId>11</laId>
			<laName>Kotikawatta Mulleriyawa Pradeshiya Sabha</laName>	
		</la>
		<la>
			<laId>12</laId>
			<laName>Seethawaka Pradeshiya Sabha</laName>	
		</la>
		<la>
			<laId>13</laId>
			<laName>Homagama Pradeshiya Sabha</laName>	
		</la>
	</district>
	<district>
		<districtId>02</districtId>
		<districtName>Gampaha</districtName>
		<la>
			<laId>01</laId>
			<laName>Negombo Municipal Council</laName>	
		</la>
		<la>
			<laId>02</laId>
			<laName>Gampaha Municipal Council</laName>	
		</la>
		<la>
			<laId>03</laId>
			<laName>Wattala - Mabola Urban Council</laName>	
		</la>
		<la>
			<laId>04</laId>
			<laName>Katunayaka - Seeduwa Urban Council</laName>	
		</la>
		<la>
			<laId>05</laId>
			<laName>Minuwangoda Urban Council</laName>	
		</la>
		<la>
			<laId>06</laId>
			<laName>Ja-Ela Urban Council</laName>	
		</la>
		<la>
			<laId>07</laId>
			<laName>Peliyagoda Urban Council</laName>	
		</la>
		<la>
			<laId>08</laId>
			<laName>Wattala Pradeshiya Sabha</laName>	
		</la>
		<la>
			<laId>09</laId>
			<laName>Katana Pradeshiya Sabha</laName>	
		</la>
		<la>
			<laId>10</laId>
			<laName>Divulapitiya Pradeshiya Sabha</laName>	
		</la>
		<la>
			<laId>11</laId>
			<laName>Mirigama Pradeshiya Sabha</laName>	
		</la>
		<la>
			<laId>12</laId>
			<laName>Minuwangoda Pradeshiya Sabha</laName>	
		</la>
		<la>
			<laId>13</laId>
			<laName>Attanagalla Pradeshiya Sabha</laName>	
		</la>
		<la>
			<laId>14</laId>
			<laName>Gampaha Pradeshiya Sabha </laName>	
		</la>
		<la>
			<laId>15</laId>
			<laName>Ja-Ela Pradeshiya Sabha</laName>	
		</la>
		<la>
			<laId>16</laId>
			<laName>Mahara Pradeshiya Sabha</laName>	
		</la>
		<la>
			<laId>17</laId>
			<laName>Dompe Pradeshiya Sabha</laName>	
		</la>
		<la>
			<laId>18</laId>
			<laName>Biyagama Pradeshiya Sabha</laName>	
		</la>
		<la>
			<laId>19</laId>
			<laName>Kelaniya Pradeshiya Sabha</laName>	
		</la>
	</district>
	<district>
		<districtId>03</districtId>
		<districtName> Kalutara</districtName>
		<la>
			<laId>01</laId>
			<laName>Panadura Urban Council</laName>	
		</la>
		<la>
			<laId>02</laId>
			<laName>Horana Urban Council</laName>	
		</la>
		<la>
			<laId>03</laId>
			<laName>Kalutara Urban Council</laName>	
		</la>
		<la>
			<laId>04</laId>
			<laName>Beruwala Urban Council</laName>	
		</la>
		<la>
			<laId>05</laId>
			<laName>Panadura Pradeshiya Sabha</laName>	
		</la>
		<la>
			<laId>06</laId>
			<laName>Bandaragama Pradeshiya Sabha</laName>	
		</la>
		<la>
			<laId>07</laId>
			<laName>Horana Pradeshiya Sabha</laName>	
		</la>
		<la>
			<laId>08</laId>
			<laName>Madurawala Pradeshiya Sabha</laName>	
		</la>
		<la>
			<laId>09</laId>
			<laName>Bulathsinhala Pradeshiya Sabha</laName>	
		</la>
		<la>
			<laId>10</laId>
			<laName>Mathugama Pradeshiya Sabha</laName>	
		</la>
		<la>
			<laId>11</laId>
			<laName>Dodangoda Pradeshiya Sabha</laName>	
		</la>
		<la>
			<laId>12</laId>
			<laName>Kalutara Pradeshiya Sabha</laName>	
		</la>
		<la>
			<laId>13</laId>
			<laName>Beruwala Pradeshiya Sabha </laName>	
		</la>
		<la>
			<laId>14</laId>
			<laName>Palindanuwara Pradeshiya Sabha</laName>	
		</la>
		<la>
			<laId>15</laId>
			<laName>Agalawaththa Pradeshiya Sabha </laName>	
		</la>
		<la>
			<laId>16</laId>
			<laName>Walallawita Pradeshiya Sabha</laName>	
		</la>
		<la>
			<laId>17</laId>
			<laName>Millaniya Pradeshiya Sabha</laName>	
		</la>
	</district>
	<district>
		<districtId>04</districtId>
		<districtName>Kandy</districtName>
		<la>
			<laId>01</laId>
			<laName>Kandy Municipal Council  </laName>	
		</la>
		<la>
			<laId>02</laId>
			<laName>Wattegama Urban Council</laName>	
		</la>
		<la>
			<laId>03</laId>
			<laName>Kadugannawa Urban Council</laName>	
		</la>
		<la>
			<laId>04</laId>
			<laName>Gampola Urban Council</laName>	
		</la>
		<la>
			<laId>05</laId>
			<laName>Nawalapitiya Urban Council</laName>	
		</la>
		<la>
			<laId>06</laId>
			<laName>Thumpane Pradeshiya Sabha</laName>	
		</la>
		<la>
			<laId>07</laId>
			<laName>Harispattuwa Pradeshiya Sabha</laName>	
		</la>
		<la>
			<laId>08</laId>
			<laName> Akurana Pradeshiya Sabha</laName>	
		</la>
		<la>
			<laId>09</laId>
			<laName>Poojapitiya Pradeshiya Sabha</laName>	
		</la>
		<la>
			<laId>10</laId>
			<laName>Pathadumbara Pradeshiya Sabha</laName>	
		</la>
		<la>
			<laId>11</laId>
			<laName>Panwila Pradeshiya Sabha</laName>	
		</la>
		<la>
			<laId>12</laId>
			<laName> Udadumbara Pradeshiya Sabha</laName>	
		</la>
		<la>
			<laId>13</laId>
			<laName>Minipe Pradeshiya Sabha</laName>	
		</la>
		<la>
			<laId>14</laId>
			<laName>Medadumbara Pradeshiya Sabha</laName>	
		</la>
		<la>
			<laId>15</laId>
			<laName>Kundasale Pradeshiya Sabha</laName>	
		</la>
		<la>
			<laId>16</laId>
			<laName>Pathahewaheta Pradeshiya Sabha </laName>	
		</la>
		<la>
			<laId>17</laId>
			<laName>Kandy Four Gravets and Gangawata Korale Pradeshiya Sabha</laName>	
		</la>
		<la>
			<laId>18</laId>
			<laName>Yatinuwara Pradeshiya Sabha</laName>	
		</la>
		<la>
			<laId>19</laId>
			<laName>Udunuwara Pradeshiya Sabha</laName>	
		</la>
		<la>
			<laId>20</laId>
			<laName>Udapalatha Pradeshiya Sabha</laName>	
		</la>
		<la>
			<laId>21</laId>
			<laName>Ganga Ihala Korale Pradeshiya Sabha</laName>	
		</la>
		<la>
			<laId>22</laId>
			<laName>Pasbage Korale Pradeshiya Sabha </laName>	
		</la>
	</district>
	<district>
		<districtId>05</districtId>
		<districtName>Matale</districtName>
		<la>
			<laId>01</laId>
			<laName>Dambulla Municipal Council</laName>	
		</la>
		<la>
			<laId>02</laId>
			<laName>Matale Municipal Council</laName>	
		</la>
		<la>
			<laId>03</laId>
			<laName>Pallepola Pradeshiya Sabha</laName>	
		</la>
		<la>
			<laId>04</laId>
			<laName>Galewela Pradeshiya Sabha</laName>	
		</la>
		<la>
			<laId>05</laId>
			<laName>Dambulla Pradeshiya Sabha</laName>	
		</la>
		<la>
			<laId>06</laId>
			<laName>Ambanganga Korale Pradeshiya Sabha</laName>	
		</la>
		<la>
			<laId>07</laId>
			<laName>Naula Pradeshiya Sabha</laName>	
		</la>
		<la>
			<laId>08</laId>
			<laName>Laggala Pallegama Pradeshiya Sabha</laName>	
		</la>
		<la>
			<laId>09</laId>
			<laName>Wilgamuwa Pradeshiya Sabha</laName>	
		</la>
		<la>
			<laId>10</laId>
			<laName>Matale Pradeshiya Sabha</laName>	
		</la>
		<la>
			<laId>11</laId>
			<laName>Yatawatta Pradeshiya Sabha</laName>	
		</la>
		<la>
			<laId>12</laId>
			<laName>Ukuwela Pradeshiya Sabha</laName>	
		</la>
		<la>
			<laId>13</laId>
			<laName>Rathtota Pradeshiya Sabha</laName>	
		</la>
	</district>
	<district>
		<districtId>06</districtId>
		<districtName> Nuwara Eliya</districtName>
		<la>
			<laId>01</laId>
			<laName>Nuwara Eliya Municipal Council</laName>	
		</la>
		<la>
			<laId>02</laId>
			<laName>Hatton - Dickoya Urban Council</laName>	
		</la>
		<la>
			<laId>03</laId>
			<laName>Thalawakele Lindula Urban Council</laName>	
		</la>
		<la>
			<laId>04</laId>
			<laName>Ambagamuwa Pradeshiya Sabha</laName>	
		</la>
		<la>
			<laId>05</laId>
			<laName>Nuwara Eliya Pradeshiya Sabha</laName>	
		</la>
		<la>
			<laId>06</laId>
			<laName>Kothmale Pradeshiya Sabha</laName>	
		</la>
		<la>
			<laId>07</laId>
			<laName>Hanguranketha Pradeshiya Sabha</laName>	
		</la>
		<la>
			<laId>08</laId>
			<laName>Walapane Pradeshiya Sabha</laName>	
		</la>
		<la>
			<laId>09</laId>
			<laName>Maskeliya Pradeshiya Sabha</laName>	
		</la>
		<la>
			<laId>10</laId>
			<laName>Norwood Pradeshiya Sabha</laName>	
		</la>
		<la>
			<laId>11</laId>
			<laName> Agarapathana  Pradeshiya Sabha</laName>	
		</la>
		<la>
			<laId>12</laId>
			<laName>Kotagala Pradeshiya Sabha</laName>	
		</la>
	</district>
	<district>
		<districtId>07</districtId>
		<districtName> Galle</districtName>
		<la>
			<laId>01</laId>
			<laName>Galle Municipal Council</laName>	
		</la>
		<la>
			<laId>02</laId>
			<laName>Ambalangoda Urban Council </laName>	
		</la>
		<la>
			<laId>03</laId>
			<laName>Hikkaduwa Urban Council</laName>	
		</la>
		<la>
			<laId>04</laId>
			<laName>Balapitiya Pradeshiya Sabha</laName>	
		</la>
		<la>
			<laId>05</laId>
			<laName>Ambalangoda Pradeshiya Sabha</laName>	
		</la>
		<la>
			<laId>06</laId>
			<laName>Valivitiya Diwitura Pradeshiya Sabha</laName>	
		</la>
		<la>
			<laId>07</laId>
			<laName>Karandeniya Pradeshiya Sabha</laName>	
		</la>
		<la>
			<laId>08</laId>
			<laName>Bentota Pradeshiya Sabha</laName>	
		</la>
		<la>
			<laId>10</laId>
			<laName>Neluwa Pradeshiya Sabha</laName>	
		</la>
		<la>
			<laId>11</laId>
			<laName>Thawalama Pradeshiya Sabha</laName>	
		</la>
		<la>
			<laId>12</laId>
			<laName>Nagoda Pradeshiya Sabha</laName>	
		</la>
		<la>
			<laId>13</laId>
			<laName>Niyagama Pradeshiya Sabha</laName>	
		</la>
		<la>
			<laId>14</laId>
			<laName>Baddegama Pradeshiya Sabha</laName>	
		</la>
		<la>
			<laId>15</laId>
			<laName>Yakkalamulla Pradeshiya Sabha</laName>	
		</la>
		<la>
			<laId>16</laId>
			<laName>Rajgama Pradeshiya Sabha</laName>	
		</la>
		<la>
			<laId>17</laId>
			<laName>Akmeemana Pradeshiya Sabha</laName>	
		</la>
		<la>
			<laId>18</laId>
			<laName>Bope Poddala Pradeshiya Sabha</laName>	
		</la>
		<la>
			<laId>19</laId>
			<laName>Imaduwa Pradeshiya Sabha</laName>	
		</la>
		<la>
			<laId>20</laId>
			<laName> Habaraduwa Pradeshiya Sabha</laName>	
		</la>
	</district>
	<district>
		<districtId>08</districtId>
		<districtName>Matara</districtName>
		<la>
			<laId>01</laId>
			<laName>Matara Municipal Council</laName>	
		</la>
		<la>
			<laId>02</laId>
			<laName>Weligama Urban Council</laName>	
		</la>
		<la>
			<laId>03</laId>
			<laName>Pitabaddara Pradeshiya Sabha</laName>	
		</la>
		<la>
			<laId>04</laId>
			<laName>Kotapola Pradeshiya Sabha</laName>	
		</la>
		<la>
			<laId>05</laId>
			<laName>Kirinda Puhulwella Pradeshiya Sabha</laName>	
		</la>
		<la>
			<laId>06</laId>
			<laName>Mulatiyana Pradeshiya Sabha</laName>	
		</la>
		<la>
			<laId>07</laId>
			<laName>Pasgoda Pradeshiya Sabha</laName>	
		</la>
		<la>
			<laId>08</laId>
			<laName>Athuraliya Pradeshiya Sabha</laName>	
		</la>
		<la>
			<laId>09</laId>
			<laName>Akuressa Pradeshiya Sabha</laName>	
		</la>
		<la>
			<laId>10</laId>
			<laName>Malimbada Pradeshiya Sabha</laName>	
		</la>
		<la>
			<laId>11</laId>
			<laName>Hakmana Pradeshiya Sabha</laName>	
		</la>
		<la>
			<laId>12</laId>
			<laName>Kamburupitiya Pradeshiya Sabha</laName>	
		</la>
		<la>
			<laId>13</laId>
			<laName>Thihagoda Pradeshiya Sabha</laName>	
		</la>
		<la>
			<laId>14</laId>
			<laName>Dewinuwara Pradeshiya Sabha</laName>	
		</la>
		<la>
			<laId>15</laId>
			<laName>Dickwella Pradeshiya Sabha</laName>	
		</la>
		<la>
			<laId>16</laId>
			<laName>Matara Pradeshiya Sabha</laName>	
		</la>
		<la>
			<laId>17</laId>
			<laName>Weligama Pradeshiya Sabha</laName>	
		</la>
	</district>
	<district>
		<districtId>09</districtId>
		<districtName>Hambantota</districtName>
		<la>
			<laId>01</laId>
			<laName>Hambantota Municipal Council</laName>	
		</la>
		<la>
			<laId>02</laId>
			<laName>Tangalle Urban Council</laName>	
		</la>
		<la>
			<laId>03</laId>
			<laName>Weeraketiya Pradeshiya Sabha</laName>	
		</la>
		<la>
			<laId>04</laId>
			<laName>Katuwana Pradeshiya Sabha</laName>	
		</la>
		<la>
			<laId>05</laId>
			<laName>Beliatta Pradeshiya Sabha</laName>	
		</la>
		<la>
			<laId>06</laId>
			<laName>Tangalle Pradeshiya Sabha</laName>	
		</la>
		<la>
			<laId>07</laId>
			<laName>Angunakolapelessa Pradeshiya Sabha</laName>	
		</la>
		<la>
			<laId>08</laId>
			<laName>Ambalantota Pradeshiya Sabha</laName>	
		</la>
		<la>
			<laId>09</laId>
			<laName>Thissamaharama Pradeshiya Sabha</laName>	
		</la>
		<la>
			<laId>10</laId>
			<laName>Sooriyawewa Pradeshiya Sabha</laName>	
		</la>
		<la>
			<laId>11</laId>
			<laName>Hambantota Pradeshiya Sabha</laName>	
		</la>
		<la>
			<laId>12</laId>
			<laName>Lunugamwehera Pradeshiya Sabha</laName>	
		</la>
	</district>
	<district>
		<districtId>10</districtId>
		<districtName>Jaffna</districtName>
		<la>
			<laId>01</laId>
			<laName>Jaffna Municipal Council</laName>	
		</la>
		<la>
			<laId>02</laId>
			<laName>Valvettithurai Urban Council</laName>	
		</la>
		<la>
			<laId>03</laId>
			<laName>Point Pedro Urban Council</laName>	
		</la>
		<la>
			<laId>04</laId>
			<laName>Chavakachcheri Urban Council</laName>	
		</la>
		<la>
			<laId>05</laId>
			<laName> Karainagar Pradeshiya Sabha</laName>	
		</la>
		<la>
			<laId>06</laId>
			<laName> Kayts Pradeshiya Sabha</laName>	
		</la>
		<la>
			<laId>07</laId>
			<laName>Delft Pradeshiya Sabha</laName>	
		</la>
		<la>
			<laId>08</laId>
			<laName>Velanai Pradeshiya Sabha</laName>	
		</la>
		<la>
			<laId>09</laId>
			<laName>Walikamam West Pradeshiya Sabha</laName>	
		</la>
		<la>
			<laId>10</laId>
			<laName>Walikamam North Pradeshiya Sabha</laName>	
		</la>
		<la>
			<laId>11</laId>
			<laName>Walikamam South West Pradeshiya Sabha</laName>	
		</la>
		<la>
			<laId>12</laId>
			<laName>Walikamam South Pradeshiya Sabha</laName>	
		</la>
		<la>
			<laId>13</laId>
			<laName> Walikamam East Pradeshiya Sabha</laName>	
		</la>
		<la>
			<laId>14</laId>
			<laName>Vadamarachchi South West Pradeshiya Sabha</laName>	
		</la>
		<la>
			<laId>15</laId>
			<laName>Point Pedro Pradeshiya Sabha</laName>	
		</la>
		<la>
			<laId>16</laId>
			<laName>Chavakachcheri Pradeshiya Sabha</laName>	
		</la>
		<la>
			<laId>17</laId>
			<laName>Nallur Pradeshiya Sabha</laName>	
		</la>
	</district>
	<district>
		<districtId>11</districtId>
		<districtName> Kilinochchi</districtName>
		<la>
			<laId>01</laId>
			<laName>Pachchilaippalli Pradeshiya Sabha</laName>	
		</la>
		<la>
			<laId>02</laId>
			<laName>Karachchi Pradeshiya Sabha</laName>	
		</la>
		<la>
			<laId>03</laId>
			<laName>Poonakary Pradeshiya Sabha</laName>	
		</la>
	</district>
	<district>
		<districtId>12</districtId>
		<districtName>Mannar</districtName>
		<la>
			<laId>01</laId>
			<laName>Mannar Urban Council</laName>	
		</la>
		<la>
			<laId>02</laId>
			<laName>Mannar Pradeshiya Sabha</laName>	
		</la>
		<la>
			<laId>03</laId>
			<laName>Nanattan Pradeshiya Sabha</laName>	
		</la>
		<la>
			<laId>04</laId>
			<laName>Musali Pradeshiya Sabha</laName>	
		</la>
		<la>
			<laId>05</laId>
			<laName>Manthai West Pradeshiya Sabha</laName>	
		</la>
	</district>
	<district>
		<districtId>13</districtId>
		<districtName>Vavuniya</districtName>
		<la>
			<laId>01</laId>
			<laName>Vavuniya Urban Council</laName>	
		</la>
		<la>
			<laId>02</laId>
			<laName>Vavuniya North Pradeshiya Sabha </laName>	
		</la>
		<la>
			<laId>03</laId>
			<laName>Vengalasettikulam Pradeshiya Sabha</laName>	
		</la>
		<la>
			<laId>04</laId>
			<laName>Vavuniya South (Tamil) Pradeshiya Sabha</laName>	
		</la>
		<la>
			<laId>05</laId>
			<laName>Vavuniya South (Sinhala) Pradeshiya Sabha</laName>	
		</la>
	</district>
	<district>
		<districtId>14</districtId>
		<districtName>Mullaitivu</districtName>
		<la>
			<laId>01</laId>
			<laName>Manthai East Pradeshiya Sabha</laName>	
		</la>
		<la>
			<laId>02</laId>
			<laName>Thunukkai Pradeshiya Sabha</laName>	
		</la>
		<la>
			<laId>03</laId>
			<laName>Puthukudiyiruppu Pradeshiya Sabha</laName>	
		</la>
		<la>
			<laId>04</laId>
			<laName>Muhudubadapattu Pradeshiya Sabha </laName>	
		</la>
	</district>
	<district>
		<districtId>15</districtId>
		<districtName>Batticaloa</districtName>
		<la>
			<laId>01</laId>
			<laName>Batticaloa Municipal Council</laName>	
		</la>
		<la>
			<laId>02</laId>
			<laName>Eravur Urban Council</laName>	
		</la>
		<la>
			<laId>03</laId>
			<laName>Kattankudy Urban Council</laName>	
		</la>
		<la>
			<laId>04</laId>
			<laName>Koralaipathu West Pradeshiya Sabha</laName>	
		</la>
		<la>
			<laId>05</laId>
			<laName>Eravur Pattu Pradeshiya Sabha</laName>	
		</la>
		<la>
			<laId>06</laId>
			<laName>Koralaipathu Pradeshiya Sabha</laName>	
		</la>
		<la>
			<laId>07</laId>
			<laName>Koralaipattu North Pradeshiya Sabha</laName>	
		</la>
		<la>
			<laId>08</laId>
			<laName>Manmunai South and Eruvil Pattu Pradeshiya Sabha</laName>	
		</la>
		<la>
			<laId>09</laId>
			<laName>Mammunaipattu Pradeshiya Sabha</laName>	
		</la>
		<la>
			<laId>10</laId>
			<laName>Manmunai West Pradeshiya Sabha</laName>	
		</la>
		<la>
			<laId>11</laId>
			<laName>Manmunai South West Pradeshiya Sabha</laName>	
		</la>
		<la>
			<laId>12</laId>
			<laName>Porativpattu Pradeshiya Sabha </laName>	
		</la>
	</district>
	<district>
		<districtId>16</districtId>
		<districtName>Ampara</districtName>
		<la>
			<laId>01</laId>
			<laName>Kalmunai Municipal Council</laName>	
		</la>
		<la>
			<laId>02</laId>
			<laName>Akkraraipattu Municipal Council </laName>	
		</la>
		<la>
			<laId>03</laId>
			<laName>Ampara Urban Council </laName>	
		</la>
		<la>
			<laId>04</laId>
			<laName>Dehiaththakandiya Pradeshiya Sabha </laName>	
		</la>
		<la>
			<laId>05</laId>
			<laName>Damana Pradeshiya Sabha </laName>	
		</la>
		<la>
			<laId>06</laId>
			<laName>Uhana Pradeshiya Sabha </laName>	
		</la>
		<la>
			<laId>07</laId>
			<laName>Mahaoya Pradeshiya Sabha </laName>	
		</la>
		<la>
			<laId>08</laId>
			<laName>Namaloya Pradeshiya Sabha </laName>	
		</la>
		<la>
			<laId>09</laId>
			<laName>Padiyathalawa Pradeshiya Sabha </laName>	
		</la>
		<la>
			<laId>10</laId>
			<laName>Navithanveli Pradeshiya Sabha </laName>	
		</la>
		<la>
			<laId>11</laId>
			<laName>Sammanthurai Pradeshiya Sabha </laName>	
		</la>
		<la>
			<laId>12</laId>
			<laName>Irakkamam Pradeshiya Sabha</laName>	
		</la>
		<la>
			<laId>13</laId>
			<laName>Akkaraipattu Pradeshiya Sabha</laName>	
		</la>
		<la>
			<laId>14</laId>
			<laName>Potuvil Pradeshiya Sabha</laName>	
		</la>
		<la>
			<laId>15</laId>
			<laName>Addalachchenai Pradeshiya Sabha</laName>	
		</la>
		<la>
			<laId>16</laId>
			<laName>Alayadiwembu Pradeshiya Sabha</laName>	
		</la>
		<la>
			<laId>17</laId>
			<laName>Lahugala Pradeshiya Sabha </laName>	
		</la>
		<la>
			<laId>18</laId>
			<laName>Karaitheevu Pradeshiya Sabha</laName>	
		</la>
		<la>
			<laId>19</laId>
			<laName>Nindavur Pradeshiya Sabha</laName>	
		</la>
		<la>
			<laId>20</laId>
			<laName>Thirukkovil Pradeshiya Sabha</laName>	
		</la>
	</district>
	<district>
		<districtId>17</districtId>
		<districtName>Trincomalee</districtName>
		<la>
			<laId>01</laId>
			<laName>Trincomalee Urban Council</laName>	
		</la>
		<la>
			<laId>02</laId>
			<laName>Kinniya Urban Council </laName>	
		</la>
		<la>
			<laId>03</laId>
			<laName>Verugal Pradeshiya Sabha </laName>	
		</la>
		<la>
			<laId>04</laId>
			<laName>Seruwila Pradeshiya Sabha </laName>	
		</la>
		<la>
			<laId>05</laId>
			<laName>Kantale Pradeshiya Sabha </laName>	
		</la>
		<la>
			<laId>06</laId>
			<laName>Morawewa Pradeshiya Sabha </laName>	
		</la>
		<la>
			<laId>07</laId>
			<laName>Gomarankadawala Pradeshiya Sabha </laName>	
		</la>
		<la>
			<laId>08</laId>
			<laName>Padavi Sri Pura Pradeshiya Sabha </laName>	
		</la>
		<la>
			<laId>09</laId>
			<laName>Trincomalee Town and Gravets Pradeshiya Sabha </laName>	
		</la>
		<la>
			<laId>10</laId>
			<laName>Kuchchaveli Pradeshiya Sabha </laName>	
		</la>
		<la>
			<laId>11</laId>
			<laName>Thambalagamuwa Pradeshiya Sabha </laName>	
		</la>
		<la>
			<laId>12</laId>
			<laName>Muththur Pradeshiya Sabha </laName>	
		</la>
		<la>
			<laId>13</laId>
			<laName>Kinniya Pradeshiya Sabha </laName>	
		</la>
	</district>
	<district>
		<districtId>18</districtId>
		<districtName>Kurunegala</districtName>
		<la>
			<laId>01</laId>
			<laName>Kurunegala Municipal Council </laName>	
		</la>
		<la>
			<laId>02</laId>
			<laName>Kuliyapitiya Urban Council </laName>	
		</la>
		<la>
			<laId>03</laId>
			<laName>Giribawa Pradeshiya Sabha </laName>	
		</la>
		<la>
			<laId>04</laId>
			<laName>Galgamuwa Pradeshiya Sabha </laName>	
		</la>
		<la>
			<laId>05</laId>
			<laName>Polpithigama Pradeshiya Sabha </laName>	
		</la>
		<la>
			<laId>06</laId>
			<laName>Nikaweratiya Pradeshiya Sabha </laName>	
		</la>
		<la>
			<laId>07</laId>
			<laName>Kobeigane Pradeshiya Sabha </laName>	
		</la>
		<la>
			<laId>08</laId>
			<laName>Mahawa Pradeshiya Sabha </laName>	
		</la>
		<la>
			<laId>09</laId>
			<laName>Ibbagamuwa Pradeshiya Sabha </laName>	
		</la>
		<la>
			<laId>10</laId>
			<laName>Wariyapola Pradeshiya Sabha </laName>	
		</la>
		<la>
			<laId>11</laId>
			<laName>Panduwasnuwara Pradeshiya Sabha </laName>	
		</la>
		<la>
			<laId>12</laId>
			<laName>Bingiriya Pradeshiya Sabha </laName>	
		</la>
		<la>
			<laId>13</laId>
			<laName>Udubaddawa Pradeshiya Sabha </laName>	
		</la>
		<la>
			<laId>14</laId>
			<laName>Pannala Pradeshiya Sabha </laName>	
		</la>
		<la>
			<laId>15</laId>
			<laName>Kuliyapitiya Pradeshiya Sabha </laName>	
		</la>
		<la>
			<laId>16</laId>
			<laName>Alawwa Pradeshiya Sabha </laName>	
		</la>
		<la>
			<laId>17</laId>
			<laName>Narammala Pradeshiya Sabha </laName>	
		</la>
		<la>
			<laId>18</laId>
			<laName>Polgahawela Pradeshiya Sabha </laName>	
		</la>
		<la>
			<laId>19</laId>
			<laName>Kurunegala Pradeshiya Sabha </laName>	
		</la>
		<la>
			<laId>20</laId>
			<laName>Mawathagama Pradeshiya Sabha </laName>	
		</la>
		<la>
			<laId>21</laId>
			<laName>Rideegama Pradeshiya Sabha </laName>	
		</la>
	</district>
	<district>
		<districtId>19</districtId>
		<districtName>Puttalam</districtName>
		<la>
			<laId>01</laId>
			<laName>Puttalam Urban Council </laName>	
		</la>
		<la>
			<laId>02</laId>
			<laName>Chilaw Urban Council </laName>	
		</la>
		<la>
			<laId>03</laId>
			<laName>Kalpitiya Pradeshiya Sabha </laName>	
		</la>
		<la>
			<laId>04</laId>
			<laName>Puttalam Pradeshiya Sabha</laName>	
		</la>
		<la>
			<laId>05</laId>
			<laName>Wanathawilluwa Pradeshiya Sabha </laName>	
		</la>
		<la>
			<laId>06</laId>
			<laName>Karuwalagaswewa Pradeshiya Sabha </laName>	
		</la>
		<la>
			<laId>07</laId>
			<laName>Nawagattegama Pradeshiya Sabha </laName>	
		</la>
		<la>
			<laId>08</laId>
			<laName>Anamaduwa Pradeshiya Sabha </laName>	
		</la>
		<la>
			<laId>09</laId>
			<laName>Arachchikattuwa Pradeshiya Sabha </laName>	
		</la>
		<la>
			<laId>10</laId>
			<laName>Chilaw Pradeshiya Sabha </laName>	
		</la>
		<la>
			<laId>11</laId>
			<laName>Naththandiya Pradeshiya Sabha </laName>	
		</la>
		<la>
			<laId>12</laId>
			<laName>Wennappuwa Pradeshiya Sabha </laName>	
		</la>
	</district>
	<district>
		<districtId>20</districtId>
		<districtName>Anuradhapura</districtName>
		<la>
			<laId>01</laId>
			<laName>Anuradhapura Municipal Council </laName>	
		</la>
		<la>
			<laId>02</laId>
			<laName>Medawachchiya Pradeshiya Sabha</laName>	
		</la>
		<la>
			<laId>03</laId>
			<laName>Rambewa Pradeshiya Sabha </laName>	
		</la>
		<la>
			<laId>04</laId>
			<laName>Kebithigollewa Pradeshiya Sabha </laName>	
		</la>
		<la>
			<laId>05</laId>
			<laName>Padaviya Pradeshiya Sabha </laName>	
		</la>
		<la>
			<laId>06</laId>
			<laName>Kahatagasdigiliya Pradeshiya Sabha </laName>	
		</la>
		<la>
			<laId>07</laId>
			<laName>Horowpothana Pradeshiya Sabha </laName>	
		</la>
		<la>
			<laId>08</laId>
			<laName>Galenbindunuweva Pradeshiya Sabha </laName>	
		</la>
		<la>
			<laId>09</laId>
			<laName>Thalawa Pradeshiya Sabha </laName>	
		</la>
		<la>
			<laId>10</laId>
			<laName>Nuwaragampalatha East Pradeshiya Sabha </laName>	
		</la>
		<la>
			<laId>11</laId>
			<laName>Nuwaragampalatha Central Pradeshiya Sabha </laName>	
		</la>
		<la>
			<laId>12</laId>
			<laName>Nochchiyagama Pradeshiya Sabha </laName>	
		</la>
		<la>
			<laId>13</laId>
			<laName>Rajanganaya Pradeshiya Sabha </laName>	
		</la>
		<la>
			<laId>14</laId>
			<laName>Galnewa Pradeshiya Sabha </laName>	
		</la>
		<la>
			<laId>15</laId>
			<laName>Ipalogama Pradeshiya Sabha </laName>	
		</la>
		<la>
			<laId>16</laId>
			<laName>Mihintale Pradeshiya Sabha </laName>	
		</la>
		<la>
			<laId>17</laId>
			<laName>Thirappane Pradeshiya Sabha </laName>	
		</la>
		<la>
			<laId>18</laId>
			<laName>Kekirawa Pradeshiya Sabha </laName>	
		</la>
		<la>
			<laId>19</laId>
			<laName>Palagala Pradeshiya Sabha </laName>	
		</la>
	</district>
	<district>
		<districtId>21</districtId>
		<districtName>Polonnaruwa</districtName>
		<la>
			<laId>01</laId>
			<laName>Polonnaruwa Municipal Council</laName>	
		</la>
		<la>
			<laId>02</laId>
			<laName>Elahera Pradeshiya Sabha </laName>	
		</la>
		<la>
			<laId>03</laId>
			<laName>Hingurakgoda Pradeshiya Sabha </laName>	
		</la>
		<la>
			<laId>04</laId>
			<laName>Medirigiriya Pradeshiya Sabha </laName>	
		</la>
		<la>
			<laId>05</laId>
			<laName>Lankapura Pradeshiya Sabha</laName>	
		</la>
		<la>
			<laId>06</laId>
			<laName>Welikanda Pradeshiya Sabha</laName>	
		</la>
		<la>
			<laId>07</laId>
			<laName>Dimbulagala Pradeshiya Sabha</laName>	
		</la>
		<la>
			<laId>08</laId>
			<laName>Polonnaruwa Pradeshiya Sabha</laName>	
		</la>
	</district>
	<district>
		<districtId>22</districtId>
		<districtName>Badulla</districtName>
		<la>
			<laId>01</laId>
			<laName>Badulla Municipal Council</laName>	
		</la>
		<la>
			<laId>02</laId>
			<laName>Bandarawela Municipal Council</laName>	
		</la>
		<la>
			<laId>03</laId>
			<laName>Haputhale Urban Council</laName>	
		</la>
		<la>
			<laId>04</laId>
			<laName>Mahiyangana Pradeshiya Sabha</laName>	
		</la>
		<la>
			<laId>05</laId>
			<laName>Rideemaliyadda Pradeshiya Sabha</laName>	
		</la>
		<la>
			<laId>06</laId>
			<laName>Soranathota Pradeshiya Sabha</laName>	
		</la>
		<la>
			<laId>07</laId>
			<laName>Meegahakivula Pradeshiya Sabha</laName>	
		</la>
		<la>
			<laId>08</laId>
			<laName>Kandaketiya Pradeshiya Sabha</laName>	
		</la>
		<la>
			<laId>09</laId>
			<laName>Passara Pradeshiya Sabha</laName>	
		</la>
		<la>
			<laId>10</laId>
			<laName>Lunugala Pradeshiya Sabha</laName>	
		</la>
		<la>
			<laId>11</laId>
			<laName>Badulla Pradeshiya Sabha</laName>	
		</la>
		<la>
			<laId>12</laId>
			<laName>Hali-Ela Pradeshiya Sabha</laName>	
		</la>
		<la>
			<laId>13</laId>
			<laName>Uva Paranagama Pradeshiya Sabha</laName>	
		</la>
		<la>
			<laId>14</laId>
			<laName>Welimada Pradeshiya Sabha</laName>	
		</la>
		<la>
			<laId>15</laId>
			<laName>Bandarawela Pradeshiya Sabha</laName>	
		</la>
		<la>
			<laId>16</laId>
			<laName>Ella Pradeshiya Sabha</laName>	
		</la>
		<la>
			<laId>17</laId>
			<laName>Haputale Pradeshiya Sabha</laName>	
		</la>
		<la>
			<laId>18</laId>
			<laName>Haldummulla Pradeshiya Sabha</laName>	
		</la>
	</district>
	<district>
		<districtId>23</districtId>
		<districtName>Moneragala</districtName>
		<la>
			<laId>01</laId>
			<laName>Bibila Pradeshiya Sabha </laName>	
		</la>
		<la>
			<laId>02</laId>
			<laName>Medagama Pradeshiya Sabha </laName>	
		</la>
		<la>
			<laId>03</laId>
			<laName>Madulla Pradeshiya Sabha </laName>	
		</la>
		<la>
			<laId>04</laId>
			<laName>Siyambalanduwa Pradeshiya Sabha </laName>	
		</la>
		<la>
			<laId>05</laId>
			<laName>Moneragala Pradeshiya Sabha </laName>	
		</la>
		<la>
			<laId>06</laId>
			<laName>Badalkumbura Pradeshiya Sabha </laName>	
		</la>
		<la>
			<laId>07</laId>
			<laName>Buttala Pradeshiya Sabha </laName>	
		</la>
		<la>
			<laId>08</laId>
			<laName>Katharagama Pradeshiya Sabha </laName>	
		</la>
		<la>
			<laId>09</laId>
			<laName>Wellawaya Pradeshiya Sabha </laName>	
		</la>
		<la>
			<laId>10</laId>
			<laName>Thanamalwila Pradeshiya Sabha </laName>	
		</la>
	</district>
	<district>
		<districtId>24</districtId>
		<districtName>Ratnapura</districtName>
		<la>
			<laId>01</laId>
			<laName>Ratnapura Municipal Council </laName>	
		</la>
		<la>
			<laId>02</laId>
			<laName>Balangoda Urban Council </laName>	
		</la>
		<la>
			<laId>03</laId>
			<laName>Embilipitiya Urban Council </laName>	
		</la>
		<la>
			<laId>04</laId>
			<laName>Eheliyagoda Pradeshiya Sabha </laName>	
		</la>
		<la>
			<laId>05</laId>
			<laName>Ratnapura Pradeshiya Sabha </laName>	
		</la>
		<la>
			<laId>06</laId>
			<laName>Kuruwita Pradeshiya Sabha </laName>	
		</la>
		<la>
			<laId>07</laId>
			<laName>Pelmadulla Pradeshiya Sabha </laName>	
		</la>
		<la>
			<laId>08</laId>
			<laName>Balangoda Pradeshiya Sabha </laName>	
		</la>
		<la>
			<laId>09</laId>
			<laName>Imbulpe Pradeshiya Sabha </laName>	
		</la>
		<la>
			<laId>10</laId>
			<laName>Godakawela Pradeshiya Sabha </laName>	
		</la>
		<la>
			<laId>11</laId>
			<laName>Kahawatta Pradeshiya Sabha </laName>	
		</la>
		<la>
			<laId>12</laId>
			<laName>Weligepola Pradeshiya Sabha </laName>	
		</la>
		<la>
			<laId>13</laId>
			<laName>Nivithigala Pradeshiya Sabha </laName>	
		</la>
		<la>
			<laId>14</laId>
			<laName>Ayagama Pradeshiya Sabha </laName>	
		</la>
		<la>
			<laId>15</laId>
			<laName>Kalawana Pradeshiya Sabha </laName>	
		</la>
		<la>
			<laId>16</laId>
			<laName>Embilipitiya Pradeshiya Sabha</laName>	
		</la>
		<la>
			<laId>17</laId>
			<laName>Kolonna Pradeshiya Sabha</laName>	
		</la>
	</district>
	<district>
		<districtId>25</districtId>
		<districtName>Kegalle</districtName>
		<la>
			<laId>01</laId>
			<laName>Kegalle Urban Council</laName>	
		</la>
		<la>
			<laId>02</laId>
			<laName>Warakapola Pradeshiya Sabha</laName>	
		</la>
		<la>
			<laId>03</laId>
			<laName>Galigamuwa Pradeshiya Sabha</laName>	
		</la>
		<la>
			<laId>04</laId>
			<laName>Kegalle Pradeshiya Sabha</laName>	
		</la>
		<la>
			<laId>05</laId>
			<laName>Rambukkana Pradeshiya Sabha</laName>	
		</la>
		<la>
			<laId>06</laId>
			<laName>Mawanella Pradeshiya Sabha</laName>	
		</la>
		<la>
			<laId>07</laId>
			<laName>Aranayaka Pradeshiya Sabha</laName>	
		</la>
		<la>
			<laId>08</laId>
			<laName>Yatiyantota Pradeshiya Sabha</laName>	
		</la>
		<la>
			<laId>09</laId>
			<laName>Bulatkohupitiya Pradeshiya Sabha</laName>	
		</la>
		<la>
			<laId>10</laId>
			<laName>Ruwanwella Pradeshiya Sabha</laName>	
		</la>
		<la>
			<laId>11</laId>
			<laName>Deraniyagala Pradeshiya Sabha</laName>	
		</la>
		<la>
			<laId>12</laId>
			<laName>Dehiowita Pradeshiya Sabha</laName>	
		</la>
	</district>
	<district>
		<districtId>26</districtId>
		<districtName>UoKTestDS1</districtName>
		<la>
			<laId>01</laId>
			<laName>LA1</laName>	
		</la>
	</district>
	<district>
		<districtId>27</districtId>
		<districtName>UoKTestDS2</districtName>
		<la>
			<laId>01</laId>
			<laName>LA1</laName>	
		</la>
	</district>
	<district>
		<districtId>28</districtId>
		<districtName>UoKTestDS3</districtName>
		<la>
			<laId>01</laId>
			<laName>LA1</laName>	
		</la>
		<la>
			<laId>02</laId>
			<laName>LA2</laName>	
		</la>
	</district>
	<district>
		<districtId>29</districtId>
		<districtName>TestUoK4</districtName>
		<la>
			<laId>01</laId>
			<laName>Test Local Auth 01</laName>	
		</la>
	</district>
</lae2018>
