<?xml version="1.0"?>
<DocumentElement>
    <summary>
        <valid_votes>10,393,613</valid_votes>
        <valid_votes_percent>99.03%</valid_votes_percent>
        <rejected>101,838</rejected>
        <rejected_percent>0.97%</rejected_percent>
        <total_polled>10,495,451</total_polled>
        <total_polled_percent>74.49%</total_polled_percent>
        <registered_voters>14,088,500</registered_voters>
    </summary>
    <time_stamp xmlName="AIVOTS.xml">12:16:29 21-Dec-2014</time_stamp>
</DocumentElement>