<?xml version="1.0"?>
<DocumentElement>
    <summary>
        <district_no>01</district_no>
        <polling_division_no>P</polling_division_no>
        <valid_votes>19,074	</valid_votes>
        <valid_votes_percent>98.38%</valid_votes_percent>
        <rejected>314</rejected>
        <rejected_percent>1.62%</rejected_percent>
        <total_polled>19,388</total_polled>
        <total_polled_percent>99.49%</total_polled_percent>
        <registered_voters>19,488</registered_voters>
    </summary>
    <time_stamp xmlName="11PS.xml">11:52:36 21-Dec-2014</time_stamp>
</DocumentElement>