<?xml version="1.0"?>
<DocumentElement>
    <summary>
        <district_no>02</district_no>
        <polling_division_no>P</polling_division_no>
        <valid_votes>30,344</valid_votes>
        <valid_votes_percent>98.20%</valid_votes_percent>
        <rejected>555</rejected>
        <rejected_percent>1.80%</rejected_percent>
        <total_polled>30,899</total_polled>
        <total_polled_percent>98.66%</total_polled_percent>
        <registered_voters>31,318</registered_voters>
    </summary>
    <time_stamp xmlName="11PS.xml">11:52:36 21-Dec-2014</time_stamp>
</DocumentElement>

