<?xml version="1.0"?>
<DocumentElement>
    <summary>
        <district_no>03</district_no>
        <polling_division_no>P</polling_division_no>
        <valid_votes>19,940</valid_votes>
        <valid_votes_percent>99.07%</valid_votes_percent>
        <rejected>187</rejected>
        <rejected_percent>0.93%</rejected_percent>
        <total_polled>20,127</total_polled>
        <total_polled_percent>98.75%</total_polled_percent>
        <registered_voters>20,382</registered_voters>
    </summary>
    <time_stamp xmlName="11PS.xml">11:52:36 21-Dec-2014</time_stamp>
</DocumentElement>

