<?xml version="1.0"?>
<DocumentElement>
    <summary>
        <district_no>04</district_no>
        <polling_division_no>P</polling_division_no>
        <valid_votes>30,318</valid_votes>
        <valid_votes_percent>99.02%</valid_votes_percent>
        <rejected>300</rejected>
        <rejected_percent>0.98%</rejected_percent>
        <total_polled>30,618</total_polled>
        <total_polled_percent>98.93%</total_polled_percent>
        <registered_voters>30,950</registered_voters>
    </summary>
    <time_stamp xmlName="11PS.xml">11:52:36 21-Dec-2014</time_stamp>
</DocumentElement>

