<?xml version="1.0"?>
<DocumentElement>
    <summary>
        <district_no>05</district_no>
        <polling_division_no>P</polling_division_no>
        <valid_votes>12,937</valid_votes>
        <valid_votes_percent>99.10%</valid_votes_percent>
        <rejected>117</rejected>
        <rejected_percent>0.90%</rejected_percent>
        <total_polled>13,054</total_polled>
        <total_polled_percent>98.62%</total_polled_percent>
        <registered_voters>13,237</registered_voters>
    </summary>
    <time_stamp xmlName="11PS.xml">11:52:36 21-Dec-2014</time_stamp>
</DocumentElement>

