<?xml version="1.0"?>
<DocumentElement>
    <summary>
        <district_no>06</district_no>
        <polling_division_no>P</polling_division_no>
        <valid_votes>9,214</valid_votes>
        <valid_votes_percent>99.04%</valid_votes_percent>
        <rejected>89</rejected>
        <rejected_percent>0.96%</rejected_percent>
        <total_polled>9,303</total_polled>
        <total_polled_percent>97.86%</total_polled_percent>
        <registered_voters>9,506</registered_voters>
    </summary>
    <time_stamp xmlName="11PS.xml">11:52:36 21-Dec-2014</time_stamp>
</DocumentElement>

