<?xml version="1.0"?>
<DocumentElement>
    <summary>
        <district_no>07</district_no>
        <polling_division_no>P</polling_division_no>
        <valid_votes>23,628</valid_votes>
        <valid_votes_percent>99.08%</valid_votes_percent>
        <rejected>220</rejected>
        <rejected_percent>0.92%</rejected_percent>
        <total_polled>23,848</total_polled>
        <total_polled_percent>98.75%</total_polled_percent>
        <registered_voters>24,151</registered_voters>
    </summary>
    <time_stamp xmlName="11PS.xml">11:52:36 21-Dec-2014</time_stamp>
</DocumentElement>

