<?xml version="1.0"?>
<DocumentElement>
    <summary>
        <district_no>08</district_no>
        <polling_division_no>P</polling_division_no>
        <valid_votes>15,642</valid_votes>
        <valid_votes_percent>99.19%</valid_votes_percent>
        <rejected>128</rejected>
        <rejected_percent>0.81%</rejected_percent>
        <total_polled>15,770</total_polled>
        <total_polled_percent>98.91%</total_polled_percent>
        <registered_voters>15,944</registered_voters>
    </summary>
    <time_stamp xmlName="11PS.xml">11:52:36 21-Dec-2014</time_stamp>
</DocumentElement>

