<?xml version="1.0"?>
<DocumentElement>
    <summary>
        <district_no>09</district_no>
        <polling_division_no>P</polling_division_no>
        <valid_votes>12,699</valid_votes>
        <valid_votes_percent>99.17%</valid_votes_percent>
        <rejected>106</rejected>
        <rejected_percent>0.83%</rejected_percent>
        <total_polled>12,805</total_polled>
        <total_polled_percent>98.81%</total_polled_percent>
        <registered_voters>12,959</registered_voters>
    </summary>
    <time_stamp xmlName="11PS.xml">11:52:36 21-Dec-2014</time_stamp>
</DocumentElement>

