<?xml version="1.0"?>
<DocumentElement>
    <summary>
        <district_no>10</district_no>
        <polling_division_no>P</polling_division_no>
        <valid_votes>4,410</valid_votes>
        <valid_votes_percent>97.44%</valid_votes_percent>
        <rejected>116</rejected>
        <rejected_percent>2.56%</rejected_percent>
        <total_polled>4,526</total_polled>
        <total_polled_percent>95.55%</total_polled_percent>
        <registered_voters>4,737</registered_voters>
    </summary>
    <time_stamp xmlName="11PS.xml">11:52:36 21-Dec-2014</time_stamp>
</DocumentElement>

