<?xml version="1.0"?>
<DocumentElement>
    <summary>
        <district_no>11</district_no>
        <polling_division_no>P</polling_division_no>
        <valid_votes>3,946</valid_votes>
        <valid_votes_percent>98.87%</valid_votes_percent>
        <rejected>45</rejected>
        <rejected_percent>1.13%</rejected_percent>
        <total_polled>3,991</total_polled>
        <total_polled_percent>98.08%</total_polled_percent>
        <registered_voters>4,069</registered_voters>
    </summary>
    <time_stamp xmlName="11PS.xml">11:52:36 21-Dec-2014</time_stamp>
</DocumentElement>

