<?xml version="1.0"?>
<DocumentElement>
    <summary>
        <district_no>12</district_no>
        <polling_division_no>P</polling_division_no>
        <valid_votes>5,219</valid_votes>
        <valid_votes_percent>98.73%</valid_votes_percent>
        <rejected>67</rejected>
        <rejected_percent>1.27%</rejected_percent>
        <total_polled>5,286</total_polled>
        <total_polled_percent>98.90%</total_polled_percent>
        <registered_voters>5,345</registered_voters>
    </summary>
    <time_stamp xmlName="11PS.xml">11:52:36 21-Dec-2014</time_stamp>
</DocumentElement>

