<?xml version="1.0"?>
<DocumentElement>
    <summary>
        <district_no>13</district_no>
        <polling_division_no>P</polling_division_no>
        <valid_votes>15,990</valid_votes>
        <valid_votes_percent>99.14%</valid_votes_percent>
        <rejected>138</rejected>
        <rejected_percent>0.86%</rejected_percent>
        <total_polled>16,128</total_polled>
        <total_polled_percent>98.75%</total_polled_percent>
        <registered_voters>16,332</registered_voters>
    </summary>
    <time_stamp xmlName="11PS.xml">11:52:36 21-Dec-2014</time_stamp>
</DocumentElement>

