<?xml version="1.0"?>
<DocumentElement>
    <summary>
        <district_no>14</district_no>
        <polling_division_no>P</polling_division_no>
        <valid_votes>10,799</valid_votes>
        <valid_votes_percent>98.90%</valid_votes_percent>
        <rejected>120</rejected>
        <rejected_percent>1.10%</rejected_percent>
        <total_polled>10,919</total_polled>
        <total_polled_percent>98.87%</total_polled_percent>
        <registered_voters>11,044</registered_voters>
    </summary>
    <time_stamp xmlName="11PS.xml">11:52:36 21-Dec-2014</time_stamp>
</DocumentElement>

