<?xml version="1.0"?>
<DocumentElement>
    <summary>
        <district_no>15</district_no>
        <polling_division_no>P</polling_division_no>
        <valid_votes>46,206</valid_votes>
        <valid_votes_percent>97.65%</valid_votes_percent>
        <rejected>1,111	</rejected>
        <rejected_percent>2.35%</rejected_percent>
        <total_polled>47,317</total_polled>
        <total_polled_percent>98.71%</total_polled_percent>
        <registered_voters>47,937</registered_voters>
    </summary>
    <time_stamp xmlName="11PS.xml">11:52:36 21-Dec-2014</time_stamp>
</DocumentElement>

