<?xml version="1.0"?>
<DocumentElement>
    <summary>
        <district_no>16</district_no>
        <polling_division_no>P</polling_division_no>
        <valid_votes>7,478</valid_votes>
        <valid_votes_percent>99.30%</valid_votes_percent>
        <rejected>53</rejected>
        <rejected_percent>0.70%</rejected_percent>
        <total_polled>7,531</total_polled>
        <total_polled_percent>98.64%</total_polled_percent>
        <registered_voters>7,635</registered_voters>
    </summary>
    <time_stamp xmlName="11PS.xml">11:52:36 21-Dec-2014</time_stamp>
</DocumentElement>

