<?xml version="1.0"?>
<DocumentElement>
    <summary>
        <district_no>17</district_no>
        <polling_division_no>P</polling_division_no>
        <valid_votes>36,293</valid_votes>
        <valid_votes_percent>98.29%</valid_votes_percent>
        <rejected>632</rejected>
        <rejected_percent>1.71%</rejected_percent>
        <total_polled>36,925</total_polled>
        <total_polled_percent>98.52%</total_polled_percent>
        <registered_voters>37,479</registered_voters>
    </summary>
    <time_stamp xmlName="11PS.xml">11:52:36 21-Dec-2014</time_stamp>
</DocumentElement>

