<?xml version="1.0"?>
<DocumentElement>
    <summary>
        <district_no>19</district_no>
        <polling_division_no>P</polling_division_no>
        <valid_votes>23,174</valid_votes>
        <valid_votes_percent>99.14%</valid_votes_percent>
        <rejected>202</rejected>
        <rejected_percent>0.86%</rejected_percent>
        <total_polled>23,376</total_polled>
        <total_polled_percent>91.60%</total_polled_percent>
        <registered_voters>25,519</registered_voters>
    </summary>
    <time_stamp xmlName="11PS.xml">11:52:36 21-Dec-2014</time_stamp>
</DocumentElement>

