<?xml version="1.0"?>
<DocumentElement>
    <summary>
        <district_no>20</district_no>
        <polling_division_no>P</polling_division_no>
        <valid_votes>12,717</valid_votes>
        <valid_votes_percent>98.49%</valid_votes_percent>
        <rejected>195</rejected>
        <rejected_percent>1.51%</rejected_percent>
        <total_polled>12,912</total_polled>
        <total_polled_percent>98.79%</total_polled_percent>
        <registered_voters>13,070</registered_voters>
    </summary>
    <time_stamp xmlName="11PS.xml">11:52:36 21-Dec-2014</time_stamp>
</DocumentElement>

