<?xml version="1.0"?>
<DocumentElement>
    <summary>
        <district_no>21</district_no>
        <polling_division_no>P</polling_division_no>
        <valid_votes>13,642</valid_votes>
        <valid_votes_percent>99.19%</valid_votes_percent>
        <rejected>111</rejected>
        <rejected_percent>0.81%</rejected_percent>
        <total_polled>13,753</total_polled>
        <total_polled_percent>99.26%</total_polled_percent>
        <registered_voters>13,856</registered_voters>
    </summary>
    <time_stamp xmlName="11PS.xml">11:52:36 21-Dec-2014</time_stamp>
</DocumentElement>

