<?xml version="1.0"?>
<DocumentElement>
    <summary>
        <district_no>22</district_no>
        <polling_division_no>P</polling_division_no>
        <valid_votes>21,220</valid_votes>
        <valid_votes_percent>99.14%</valid_votes_percent>
        <rejected>184</rejected>
        <rejected_percent>0.86%</rejected_percent>
        <total_polled>21,404</total_polled>
        <total_polled_percent>98.75%</total_polled_percent>
        <registered_voters>21,674</registered_voters>
    </summary>
    <time_stamp xmlName="11PS.xml">11:52:36 21-Dec-2014</time_stamp>
</DocumentElement>

