<?xml version="1.0"?>
<DocumentElement>
    <party>
        <acronym>IND1</acronym>
        <votes>130,597</votes>
        <percentage>56.74%</percentage>
    </party>
    <party>
        <acronym>UPF</acronym>
        <votes>94,083</votes>
        <percentage>40.87%</percentage>
    </party>
    <party>
        <acronym>DNM</acronym>
        <votes>5,499</votes>
        <percentage>2.39%</percentage>
    </party>
    <party>
        <acronym>ELMSP</acronym>
        <votes>0</votes>
        <percentage>0.00%</percentage>
    </party>
    <party>
        <acronym>ELPP</acronym>
        <votes>0</votes>
        <percentage>0.00%</percentage>
    </party>
    <party>
        <acronym>FSP</acronym>
        <votes>0</votes>
        <percentage>0.00%</percentage>
    </party>
    <party>
        <acronym>IND2</acronym>
        <votes>0</votes>
        <percentage>0.00%</percentage>
    </party>
    <party>
        <acronym>JSP</acronym>
        <votes>0</votes>
        <percentage>0.00%</percentage>
    </party>
    <party>
        <acronym>NDF</acronym>	
        <votes>4,173,185</votes>
        <percentage>40.15%.</percentage>
    </party>
    <party>
        <acronym>NSSP</acronym>
        <votes>0</votes>
        <percentage>0.00%</percentage>
    </party>
    <party>
        <acronym>NSU</acronym>
        <votes>0</votes>
        <percentage>0.00%</percentage>
    </party>
    <party>
        <acronym>ONF</acronym>
        <votes>0</votes>
        <percentage>0.00%</percentage>
    </party>
    <party>
        <acronym>OWORS</acronym>
        <votes>0</votes>
        <percentage>0.00%</percentage>
    </party>
    <party>
        <acronym>PNF</acronym>
        <votes>0</votes>
        <percentage>0.00%</percentage>
    </party>
    <party>
        <acronym>SEP</acronym>
        <votes>0</votes>
        <percentage>0.00%</percentage>
    </party>
    <party>
        <acronym>SLLP</acronym>
        <votes>0</votes>
        <percentage>0.00%</percentage>
    </party>
    <party>
        <acronym>SLNF</acronym>
        <votes>0</votes>
        <percentage>0.00%</percentage>
    </party>
    <party>
        <acronym>UPFA</acronym>
        <votes>6,015,934</votes>
        <percentage>57.88%</percentage>
    </party>
    <party>
        <acronym>USP</acronym>
        <votes>0</votes>
        <percentage>0.00%</percentage>
    </party>
    <time_stamp xmlName="AIVOTV.xml">12:16:29 21-Dec-2014</time_stamp>
</DocumentElement>