<?xml version="1.0" encoding="UTF-8"?>
<lae2018>
	<district>
		<districtId>01</districtId>
		<districtName>01</districtName>
		<localAuthority>
			<localAuthorityId>01</localAuthorityId>
			<localAuthorityName>abc</localAuthorityName>
			<party> <!-- this part will be repeated for all registered parties -->
				<partyId>01</partyId>
				<partyName>sdf</partyName>
				<partySymbol>rest</partySymbol>
				<polledVotes>50000 </polledVotes>
				<members>
					<elected>2</elected>
					<calculated>5</calculated>
				</members>
			</party>
			<summary>
				<totalMembers>56</totalMembers>
				<totalValidVotes>789</totalValidVotes>
				<rejectedVotes>145663221</rejectedVotes>
				<polledVotes>44566</polledVotes>
				<totalRegisteredVotes>4566</totalRegisteredVotes>
			</summary>
		</localAuthority>
	</district>
	<releasedTime>456789</releasedTime>
</lae2018>