<?xml version="1.0" encoding="UTF-8"?>
<lae2018>
	<district>
		<districtId>01</districtId>
		<districtName>Colombo</districtName>
		<localAuthority>
			<localAuthorityId>01</localAuthorityId>
			<localAuthorityName>COlombo Minsi</localAuthorityName>
			<party> <!-- this part will be repeated for all registered parties -->
				<partyId>38</partyId>
				<partyName>Podujana Peramuna</partyName>
				<partySymbol></partySymbol>
				<polledVotes>80000</polledVotes>
				<members>
					<elected>5</elected>
					<calculated>3</calculated>
				</members>
			</party>

				<party> <!-- this part will be repeated for all registered parties -->
				<partyId>09</partyId>
				<partyName>United National Party</partyName>
				<partySymbol></partySymbol>
				<polledVotes>79000</polledVotes>
				<members>
					<elected>4</elected>
					<calculated>2</calculated>
				</members>
			</party>

				<party> <!-- this part will be repeated for all registered parties -->
				<partyId>07</partyId>
				<partyName>UPFA</partyName>
				<partySymbol></partySymbol>
				<polledVotes>75000</polledVotes>
				<members>
					<elected>3</elected>
					<calculated>1</calculated>
				</members>
			</party>

				<party> <!-- this part will be repeated for all registered parties -->
				<partyId>18</partyId>
				<partyName>JVP</partyName>
				<partySymbol></partySymbol>
				<polledVotes>50000</polledVotes>
				<members>
					<elected>1</elected>
					<calculated>1</calculated>
				</members>
			</party>

			
			<summary>
				<totalMembers>20</totalMembers>
				<totalValidVotes>545369</totalValidVotes>
				<rejectedVotes>400</rejectedVotes>
				<polledVotes>5453769</polledVotes>
				<totalRegisteredVotes>4566</totalRegisteredVotes>
			</summary>
		</localAuthority>
	</district>
	<releasedTime>456789</releasedTime>
</lae2018>