<?xml version="1.0" encoding="UTF-8"?>
<lae2018>
	<district>
		<districtId>26</districtId>
		<districtName>UoKTestDS1</districtName>
		<localAuthority>
			<localAuthorityId>01</localAuthorityId>
			<localAuthorityName>Uok01 LA01</localAuthorityName>
			<party>
				<partyId>02</partyId>
				<partyName>Party 2</partyName>
				<partySymbol>02</partySymbol>
				<polledVotes>2500</polledVotes>
				<percent>48.08</percent>
				<members>
					<elected>1</elected>
					<calculated>0</calculated>
				</members>
			</party>
			<party>
				<partyId>01</partyId>
				<partyName>Party 01</partyName>
				<partySymbol>01</partySymbol>
				<polledVotes>1500</polledVotes>
				<percent>28.85</percent>
				<members>
					<elected>0</elected>
					<calculated>1</calculated>
				</members>
			</party>
			<party>
				<partyId>03</partyId>
				<partyName>Party 03</partyName>
				<partySymbol>03</partySymbol>
				<polledVotes>1200</polledVotes>
				<percent>23.08</percent>
				<members>
					<elected>0</elected>
					<calculated>0</calculated>
				</members>
			</party>
			<summary>
				<totalMembers>2</totalMembers>
				<totalValidVotes>5200</totalValidVotes>
				<totalValidVotesPercent>95.41</totalValidVotesPercent>
				<rejectedVotes>250</rejectedVotes>
				<rejectedVotesPercent>4.59</rejectedVotesPercent>
				<polledVotes>5450</polledVotes>
				<polledVotesPercent>80.74</polledVotesPercent>
				<totalRegisteredVotes>6750</totalRegisteredVotes>
			</summary>
		</localAuthority>
	</district>
	<releasedTime>18:30:00 06.02.2018</releasedTime>
</lae2018>